Date,Open,Close
2021-01-04,10.717499732971191,10.837499618530273
2021-01-05,10.703749656677246,10.842499732971191
2021-01-06,10.725000381469727,10.678750038146973
2021-01-07,10.395000457763672,10.744999885559082
2021-01-08,10.899999618530273,10.756250381469727
2021-01-09,10.899999618530273,10.756250381469727
2021-01-10,10.899999618530273,10.756250381469727
2021-01-11,10.824999809265137,11.313750267028809
2021-01-12,11.300000190734863,11.217499732971191
2021-01-13,11.141249656677246,11.137499809265137
2021-01-14,11.141249656677246,11.008749961853027
2021-01-15,10.912500381469727,10.77750015258789
2021-01-16,10.912500381469727,10.77750015258789
2021-01-17,10.912500381469727,10.77750015258789
2021-01-18,10.701250076293945,10.699999809265137
2021-01-19,10.75,10.59375
2021-01-20,10.757499694824219,10.977499961853027
2021-01-21,11.092499732971191,11.213749885559082
2021-01-22,11.300000190734863,11.207500457763672
2021-01-23,11.300000190734863,11.207500457763672
2021-01-24,11.300000190734863,11.207500457763672
2021-01-25,11.362500190734863,11.114999771118164
2021-01-26,11.148750305175781,11.162500381469727
2021-01-27,11.119999885559082,10.731249809265137
2021-01-28,10.626250267028809,10.836250305175781
2021-01-29,10.62874984741211,10.75374984741211
2021-01-30,10.62874984741211,10.75374984741211
2021-01-31,10.62874984741211,10.75374984741211
2021-02-01,10.8149995803833,10.77750015258789
2021-02-02,10.994999885559082,11.061249732971191
2021-02-03,11.311249732971191,11.261249542236328
2021-02-04,11.265000343322754,11.265000343322754
2021-02-05,11.375,11.302499771118164
2021-02-06,11.375,11.302499771118164
2021-02-07,11.375,11.302499771118164
2021-02-08,11.337499618530273,11.675000190734863
2021-02-09,11.850000381469727,11.87125015258789
2021-02-10,11.856249809265137,12.050000190734863
2021-02-11,12.149999618530273,12.555000305175781
2021-02-12,12.550000190734863,12.577500343322754
2021-02-13,12.550000190734863,12.577500343322754
2021-02-14,12.550000190734863,12.577500343322754
2021-02-15,12.489999771118164,12.454999923706055
2021-02-16,12.449999809265137,12.524999618530273
2021-02-17,12.697500228881836,12.313750267028809
2021-02-18,12.3125,12.180000305175781
2021-02-19,12.321249961853027,12.482500076293945
2021-02-20,12.321249961853027,12.482500076293945
2021-02-21,12.321249961853027,12.482500076293945
2021-02-22,12.206250190734863,12.173749923706055
2021-02-23,11.868749618530273,11.49625015258789
2021-02-24,11.65250015258789,11.601249694824219
2021-02-25,11.800000190734863,11.297499656677246
2021-02-26,11.037500381469727,11.354999542236328
2021-02-27,11.037500381469727,11.354999542236328
2021-02-28,11.037500381469727,11.354999542236328
2021-03-01,11.65999984741211,11.401249885559082
2021-03-02,11.539999961853027,11.289999961853027
2021-03-03,11.297499656677246,10.84375
2021-03-04,10.649999618530273,10.512499809265137
2021-03-05,10.324999809265137,9.912500381469727
2021-03-06,10.324999809265137,9.912500381469727
2021-03-07,10.324999809265137,9.912500381469727
2021-03-08,10.300000190734863,10.204999923706055
2021-03-09,10.00374984741211,10.428750038146973
2021-03-10,10.618749618530273,10.662500381469727
2021-03-11,10.648750305175781,10.838749885559082
2021-03-12,10.75,10.647500038146973
2021-03-13,10.75,10.647500038146973
2021-03-14,10.75,10.647500038146973
2021-03-15,10.795000076293945,10.912500381469727
2021-03-16,11.113750457763672,11.193750381469727
2021-03-17,11.2162504196167,11.011249542236328
2021-03-18,11.082500457763672,10.97249984741211
2021-03-19,10.723750114440918,10.798749923706055
2021-03-20,10.723750114440918,10.798749923706055
2021-03-21,10.723750114440918,10.798749923706055
2021-03-22,10.798749923706055,11.177499771118164
2021-03-23,11.076250076293945,11.133749961853027
2021-03-24,11.051250457763672,10.9037504196167
2021-03-25,10.786250114440918,10.643750190734863
2021-03-26,10.713749885559082,10.672499656677246
2021-03-27,10.713749885559082,10.672499656677246
2021-03-28,10.713749885559082,10.672499656677246
2021-03-29,10.824999809265137,10.848750114440918
2021-03-30,10.970000267028809,11.043749809265137
2021-03-31,10.94124984741211,11.313750267028809
2021-04-01,11.447500228881836,11.632499694824219
2021-04-02,11.447500228881836,11.632499694824219
2021-04-03,11.447500228881836,11.632499694824219
2021-04-04,11.447500228881836,11.632499694824219
2021-04-05,11.447500228881836,11.632499694824219
2021-04-06,11.895000457763672,11.835000038146973
2021-04-07,11.78125,11.7524995803833
2021-04-08,11.918749809265137,12.077500343322754
2021-04-09,12.0287504196167,12.03499984741211
2021-04-10,12.0287504196167,12.03499984741211
2021-04-11,12.0287504196167,12.03499984741211
2021-04-12,12.09375,11.967499732971191
2021-04-13,12.6875,13.0
2021-04-14,13.125,12.954999923706055
2021-04-15,12.9350004196167,13.322500228881836
2021-04-16,13.399999618530273,13.3125
2021-04-17,13.399999618530273,13.3125
2021-04-18,13.399999618530273,13.3125
2021-04-19,13.367500305175781,12.845000267028809
2021-04-20,12.824999809265137,12.47249984741211
2021-04-21,12.5,12.694999694824219
2021-04-22,12.772500038146973,12.720000267028809
2021-04-23,12.300000190734863,12.577500343322754
2021-04-24,12.300000190734863,12.577500343322754
2021-04-25,12.300000190734863,12.577500343322754
2021-04-26,12.587499618530273,12.739999771118164
2021-04-27,12.904999732971191,12.7524995803833
2021-04-28,12.739999771118164,12.642499923706055
2021-04-29,12.77750015258789,12.577500343322754
2021-04-30,12.645000457763672,12.6274995803833
2021-05-01,12.645000457763672,12.6274995803833
2021-05-02,12.645000457763672,12.6274995803833
2021-05-03,12.595000267028809,12.34000015258789
2021-05-04,12.279999732971191,11.712499618530273
2021-05-05,12.074999809265137,12.270000457763672
2021-05-06,12.061249732971191,11.988750457763672
2021-05-07,12.010000228881836,12.241250038146973
2021-05-08,12.010000228881836,12.241250038146973
2021-05-09,12.010000228881836,12.241250038146973
2021-05-10,12.232500076293945,11.84749984741211
2021-05-11,11.686249732971191,11.675000190734863
2021-05-12,11.748749732971191,11.586250305175781
2021-05-13,11.375,11.353750228881836
2021-05-14,11.388750076293945,11.606249809265137
2021-05-15,11.388750076293945,11.606249809265137
2021-05-16,11.388750076293945,11.606249809265137
2021-05-17,11.762499809265137,11.53125
2021-05-18,11.837499618530273,11.636249542236328
2021-05-19,11.388750076293945,11.302499771118164
2021-05-20,11.551250457763672,11.938750267028809
2021-05-21,12.088749885559082,12.25374984741211
2021-05-22,12.088749885559082,12.25374984741211
2021-05-23,12.088749885559082,12.25374984741211
2021-05-24,12.088749885559082,12.25374984741211
2021-05-25,12.949999809265137,12.6850004196167
2021-05-26,12.8725004196167,12.787500381469727
2021-05-27,12.824999809265137,12.8149995803833
2021-05-28,12.7524995803833,13.220000267028809
2021-05-29,12.7524995803833,13.220000267028809
2021-05-30,12.7524995803833,13.220000267028809
2021-05-31,13.345000267028809,13.260000228881836
2021-06-01,13.28499984741211,13.135000228881836
2021-06-02,13.322500228881836,13.7475004196167
2021-06-03,13.807499885559082,13.904999732971191
2021-06-04,13.9975004196167,14.4399995803833
2021-06-05,13.9975004196167,14.4399995803833
2021-06-06,13.9975004196167,14.4399995803833
2021-06-07,14.342499732971191,14.212499618530273
2021-06-08,14.427499771118164,14.232500076293945
2021-06-09,14.3149995803833,14.244999885559082
2021-06-10,14.274999618530273,14.292499542236328
2021-06-11,14.3774995803833,14.630000114440918
2021-06-12,14.3774995803833,14.630000114440918
2021-06-13,14.3774995803833,14.630000114440918
2021-06-14,14.857500076293945,14.727499961853027
2021-06-15,14.90999984741211,14.717499732971191
2021-06-16,14.767499923706055,14.725000381469727
2021-06-17,14.807499885559082,15.697500228881836
2021-06-18,15.947500228881836,16.092500686645508
2021-06-19,15.947500228881836,16.092500686645508
2021-06-20,15.947500228881836,16.092500686645508
2021-06-21,15.72249984741211,15.100000381469727
2021-06-22,15.4975004196167,15.782500267028809
2021-06-23,15.895000457763672,15.899999618530273
2021-06-24,16.104999542236328,16.197500228881836
2021-06-25,16.127500534057617,15.977499961853027
2021-06-26,16.127500534057617,15.977499961853027
2021-06-27,16.127500534057617,15.977499961853027
2021-06-28,16.11750030517578,16.75
2021-06-29,16.84000015258789,16.670000076293945
2021-06-30,16.872499465942383,16.78499984741211
2021-07-01,16.9424991607666,16.950000762939453
2021-07-02,17.165000915527344,17.22249984741211
2021-07-03,17.165000915527344,17.22249984741211
2021-07-04,17.165000915527344,17.22249984741211
2021-07-05,17.354999542236328,17.392499923706055
2021-07-06,17.372499465942383,17.5
2021-07-07,17.592500686645508,17.28499984741211
2021-07-08,17.252500534057617,16.8174991607666
2021-07-09,16.88249969482422,16.829999923706055
2021-07-10,16.88249969482422,16.829999923706055
2021-07-11,16.88249969482422,16.829999923706055
2021-07-12,17.002500534057617,17.1924991607666
2021-07-13,17.325000762939453,17.21500015258789
2021-07-14,17.197500228881836,16.854999542236328
2021-07-15,16.90999984741211,16.485000610351562
2021-07-16,16.002500534057617,15.71500015258789
2021-07-17,16.002500534057617,15.71500015258789
2021-07-18,16.002500534057617,15.71500015258789
2021-07-19,15.449999809265137,16.020000457763672
2021-07-20,16.299999237060547,15.708000183105469
2021-07-21,16.04800033569336,16.503999710083008
2021-07-22,16.54800033569336,16.437999725341797
2021-07-23,16.697999954223633,16.52400016784668
2021-07-24,16.697999954223633,16.52400016784668
2021-07-25,16.697999954223633,16.52400016784668
2021-07-26,16.597999572753906,16.351999282836914
2021-07-27,16.326000213623047,16.016000747680664
2021-07-28,16.280000686645508,16.450000762939453
2021-07-29,16.488000869750977,16.6299991607666
2021-07-30,16.417999267578125,16.38599967956543
2021-07-31,16.417999267578125,16.38599967956543
2021-08-01,16.417999267578125,16.38599967956543
2021-08-02,16.625999450683594,16.694000244140625
2021-08-03,16.676000595092773,16.384000778198242
2021-08-04,16.645999908447266,17.007999420166016
2021-08-05,16.99799919128418,17.356000900268555
2021-08-06,17.41200065612793,17.31800079345703
2021-08-07,17.41200065612793,17.31800079345703
2021-08-08,17.41200065612793,17.31800079345703
2021-08-09,17.32200050354004,17.31800079345703
2021-08-10,17.31800079345703,17.035999298095703
2021-08-11,17.104000091552734,16.676000595092773
2021-08-12,16.73200035095215,17.016000747680664
2021-08-13,16.97800064086914,17.035999298095703
2021-08-14,16.97800064086914,17.035999298095703
2021-08-15,16.97800064086914,17.035999298095703
2021-08-16,17.04800033569336,16.667999267578125
2021-08-17,16.916000366210938,16.66200065612793
2021-08-18,16.66200065612793,16.54800033569336
2021-08-19,16.607999801635742,17.27400016784668
2021-08-20,17.06800079345703,17.474000930786133
2021-08-21,17.06800079345703,17.474000930786133
2021-08-22,17.06800079345703,17.474000930786133
2021-08-23,18.058000564575195,18.464000701904297
2021-08-24,19.01799964904785,18.50200080871582
2021-08-25,18.52400016784668,19.04400062561035
2021-08-26,18.898000717163086,18.722000122070312
2021-08-27,18.736000061035156,19.062000274658203
2021-08-28,18.736000061035156,19.062000274658203
2021-08-29,18.736000061035156,19.062000274658203
2021-08-30,19.479999542236328,19.200000762939453
2021-08-31,19.31800079345703,18.989999771118164
2021-09-01,19.049999237060547,19.011999130249023
2021-09-02,19.007999420166016,19.040000915527344
2021-09-03,18.917999267578125,19.24799919128418
2021-09-04,18.917999267578125,19.24799919128418
2021-09-05,18.917999267578125,19.24799919128418
2021-09-06,19.350000381469727,19.426000595092773
2021-09-07,19.423999786376953,19.214000701904297
2021-09-08,19.20599937438965,18.739999771118164
2021-09-09,18.736000061035156,18.892000198364258
2021-09-10,18.70599937438965,18.926000595092773
2021-09-11,18.70599937438965,18.926000595092773
2021-09-12,18.70599937438965,18.926000595092773
2021-09-13,19.139999389648438,18.72800064086914
2021-09-14,18.739999771118164,18.878000259399414
2021-09-15,19.025999069213867,18.648000717163086
2021-09-16,19.0,18.70800018310547
2021-09-17,18.757999420166016,18.746000289916992
2021-09-18,18.757999420166016,18.746000289916992
2021-09-19,18.757999420166016,18.746000289916992
2021-09-20,18.416000366210938,18.0
2021-09-21,18.101999282836914,18.194000244140625
2021-09-22,18.195999145507812,18.479999542236328
2021-09-23,18.77400016784668,18.974000930786133
2021-09-24,19.097999572753906,18.670000076293945
2021-09-25,19.097999572753906,18.670000076293945
2021-09-26,19.097999572753906,18.670000076293945
2021-09-27,19.00200080871582,18.445999145507812
2021-09-28,18.299999237060547,17.799999237060547
2021-09-29,17.833999633789062,17.70599937438965
2021-09-30,17.950000762939453,17.99799919128418
2021-10-01,17.802000045776367,17.70199966430664
2021-10-02,17.802000045776367,17.70199966430664
2021-10-03,17.802000045776367,17.70199966430664
2021-10-04,17.658000946044922,17.073999404907227
2021-10-05,17.04599952697754,17.600000381469727
2021-10-06,17.50200080871582,17.743999481201172
2021-10-07,18.389999389648438,18.33799934387207
2021-10-08,18.31999969482422,18.1299991607666
2021-10-09,18.31999969482422,18.1299991607666
2021-10-10,18.31999969482422,18.1299991607666
2021-10-11,17.86199951171875,18.1200008392334
2021-10-12,17.52400016784668,17.961999893188477
2021-10-13,17.961999893188477,17.93400001525879
2021-10-14,18.197999954223633,18.573999404907227
2021-10-15,18.77400016784668,18.833999633789062
2021-10-16,18.77400016784668,18.833999633789062
2021-10-17,18.77400016784668,18.833999633789062
2021-10-18,18.790000915527344,19.06999969482422
2021-10-19,19.11400032043457,19.13599967956543
2021-10-20,19.106000900268555,19.035999298095703
2021-10-21,18.899999618530273,19.26799964904785
2021-10-22,19.399999618530273,19.558000564575195
2021-10-23,19.399999618530273,19.558000564575195
2021-10-24,19.399999618530273,19.558000564575195
2021-10-25,19.67799949645996,19.81800079345703
2021-10-26,20.315000534057617,21.354999542236328
2021-10-27,21.354999542236328,21.44499969482422
2021-10-28,21.104999542236328,21.114999771118164
2021-10-29,21.385000228881836,21.979999542236328
2021-10-30,21.385000228881836,21.979999542236328
2021-10-31,21.385000228881836,21.979999542236328
2021-11-01,22.299999237060547,22.270000457763672
2021-11-02,22.31999969482422,22.895000457763672
2021-11-03,22.96500015258789,22.825000762939453
2021-11-04,23.219999313354492,25.450000762939453
2021-11-05,26.235000610351562,26.40999984741211
2021-11-06,26.235000610351562,26.40999984741211
2021-11-07,26.235000610351562,26.40999984741211
2021-11-08,26.084999084472656,26.65999984741211
2021-11-09,26.860000610351562,27.190000534057617
2021-11-10,26.450000762939453,25.954999923706055
2021-11-11,26.104999542236328,26.274999618530273
2021-11-12,26.895000457763672,26.68000030517578
2021-11-13,26.895000457763672,26.68000030517578
2021-11-14,26.895000457763672,26.68000030517578
2021-11-15,26.6299991607666,26.21500015258789
2021-11-16,26.295000076293945,26.719999313354492
2021-11-17,26.895000457763672,26.579999923706055
2021-11-18,27.165000915527344,28.450000762939453
2021-11-19,28.5049991607666,28.799999237060547
2021-11-20,28.5049991607666,28.799999237060547
2021-11-21,28.5049991607666,28.799999237060547
2021-11-22,29.94499969482422,29.579999923706055
2021-11-23,28.0,27.864999771118164
2021-11-24,28.415000915527344,28.864999771118164
2021-11-25,29.475000381469727,29.475000381469727
2021-11-26,28.5049991607666,27.989999771118164
2021-11-27,28.5049991607666,27.989999771118164
2021-11-28,28.5049991607666,27.989999771118164
2021-11-29,28.5049991607666,28.954999923706055
2021-11-30,29.170000076293945,28.389999389648438
2021-12-01,29.295000076293945,29.280000686645508
2021-12-02,28.225000381469727,28.170000076293945
2021-12-03,28.55500030517578,27.165000915527344
2021-12-04,28.55500030517578,27.165000915527344
2021-12-05,28.55500030517578,27.165000915527344
2021-12-06,27.334999084472656,26.030000686645508
2021-12-07,26.030000686645508,26.030000686645508
2021-12-08,28.5,28.329999923706055
2021-12-09,28.295000076293945,28.010000228881836
2021-12-10,27.065000534057617,26.604999542236328
2021-12-11,27.065000534057617,26.604999542236328
2021-12-12,27.065000534057617,26.604999542236328
2021-12-13,26.940000534057617,25.719999313354492
2021-12-14,25.274999618530273,24.844999313354492
2021-12-15,25.229999542236328,25.375
2021-12-16,27.479999542236328,25.424999237060547
2021-12-17,25.104999542236328,25.219999313354492
2021-12-18,25.104999542236328,25.219999313354492
2021-12-19,25.104999542236328,25.219999313354492
2021-12-20,23.899999618530273,24.264999389648438
2021-12-21,25.0,24.780000686645508
2021-12-22,25.600000381469727,25.969999313354492
2021-12-23,26.024999618530273,26.56999969482422
2021-12-24,26.024999618530273,26.56999969482422
2021-12-25,26.024999618530273,26.56999969482422
2021-12-26,26.024999618530273,26.56999969482422
2021-12-27,26.604999542236328,27.149999618530273
2021-12-28,27.459999084472656,26.684999465942383
2021-12-29,27.05500030517578,26.190000534057617
2021-12-30,26.405000686645508,26.479999542236328
2021-12-31,26.405000686645508,26.479999542236328
2022-01-01,26.405000686645508,26.479999542236328
2022-01-02,26.405000686645508,26.479999542236328
2022-01-03,26.270000457763672,26.905000686645508
2022-01-04,26.854999542236328,25.5049991607666
2022-01-05,25.704999923706055,25.190000534057617
2022-01-06,24.5049991607666,24.704999923706055
2022-01-07,25.045000076293945,24.235000610351562
2022-01-08,25.045000076293945,24.235000610351562
2022-01-09,25.045000076293945,24.235000610351562
2022-01-10,24.135000228881836,23.104999542236328
2022-01-11,24.329999923706055,24.405000686645508
2022-01-12,24.559999465942383,24.475000381469727
2022-01-13,24.5,23.829999923706055
2022-01-14,23.344999313354492,23.645000457763672
2022-01-15,23.344999313354492,23.645000457763672
2022-01-16,23.344999313354492,23.645000457763672
2022-01-17,23.5,23.5
2022-01-18,23.315000534057617,23.1299991607666
2022-01-19,22.364999771118164,22.280000686645508
2022-01-20,22.170000076293945,22.43000030517578
2022-01-21,20.899999618530273,21.530000686645508
2022-01-22,20.899999618530273,21.530000686645508
2022-01-23,20.899999618530273,21.530000686645508
2022-01-24,20.690000534057617,19.309999465942383
2022-01-25,19.899999618530273,19.760000228881836
2022-01-26,19.940000534057617,20.510000228881836
2022-01-27,20.295000076293945,20.18000030517578
2022-01-28,19.988000869750977,19.974000930786133
2022-01-29,19.988000869750977,19.974000930786133
2022-01-30,19.988000869750977,19.974000930786133
2022-01-31,20.770000457763672,21.344999313354492
2022-02-01,22.19499969482422,21.760000228881836
2022-02-02,23.0,21.889999389648438
2022-02-03,21.780000686645508,21.520000457763672
2022-02-04,21.549999237060547,21.09000015258789
2022-02-05,21.549999237060547,21.09000015258789
2022-02-06,21.549999237060547,21.09000015258789
2022-02-07,21.399999618530273,21.55500030517578
2022-02-08,21.770000457763672,21.760000228881836
2022-02-09,22.2450008392334,22.969999313354492
2022-02-10,23.454999923706055,22.954999923706055
2022-02-11,22.350000381469727,21.850000381469727
2022-02-12,22.350000381469727,21.850000381469727
2022-02-13,22.350000381469727,21.850000381469727
2022-02-14,20.940000534057617,21.924999237060547
2022-02-15,21.895000457763672,23.030000686645508
2022-02-16,23.454999923706055,23.020000457763672
2022-02-17,22.889999389648438,21.81999969482422
2022-02-18,21.809999465942383,20.700000762939453
2022-02-19,21.809999465942383,20.700000762939453
2022-02-20,21.809999465942383,20.700000762939453
2022-02-21,20.9950008392334,20.344999313354492
2022-02-22,19.549999237060547,20.600000381469727
2022-02-23,21.09000015258789,20.5
2022-02-24,18.875999450683594,20.125
2022-02-25,20.625,21.459999084472656
2022-02-26,20.625,21.459999084472656
2022-02-27,20.625,21.459999084472656
2022-02-28,21.139999389648438,21.829999923706055
2022-03-01,22.0,21.235000610351562
2022-03-02,21.065000534057617,21.6200008392334
2022-03-03,21.825000762939453,21.520000457763672
2022-03-04,21.389999389648438,20.895000457763672
2022-03-05,21.389999389648438,20.895000457763672
2022-03-06,21.389999389648438,20.895000457763672
2022-03-07,20.299999237060547,20.21500015258789
2022-03-08,19.63800048828125,19.40999984741211
2022-03-09,20.299999237060547,20.489999771118164
2022-03-10,20.80500030517578,19.986000061035156
2022-03-11,20.5,20.364999771118164
2022-03-12,20.5,20.364999771118164
2022-03-13,20.5,20.364999771118164
2022-03-14,20.274999618530273,19.51799964904785
2022-03-15,19.399999618530273,20.764999389648438
2022-03-16,21.434999465942383,22.014999389648438
2022-03-17,22.28499984741211,21.850000381469727
2022-03-18,22.209999084472656,23.55500030517578
2022-03-19,22.209999084472656,23.55500030517578
2022-03-20,22.209999084472656,23.55500030517578
2022-03-21,23.80500030517578,23.899999618530273
2022-03-22,24.44499969482422,24.30500030517578
2022-03-23,24.03499984741211,23.959999084472656
2022-03-24,23.665000915527344,25.200000762939453
2022-03-25,25.584999084472656,25.149999618530273
2022-03-26,25.584999084472656,25.149999618530273
2022-03-27,25.584999084472656,25.149999618530273
2022-03-28,25.264999389648438,25.03499984741211
2022-03-29,25.69499969482422,25.43000030517578
2022-03-30,25.575000762939453,25.190000534057617
2022-03-31,25.0049991607666,25.290000915527344
2022-04-01,24.93000030517578,24.135000228881836
2022-04-02,24.93000030517578,24.135000228881836
2022-04-03,24.93000030517578,24.135000228881836
2022-04-04,24.34000015258789,24.924999237060547
2022-04-05,24.979999542236328,24.094999313354492
2022-04-06,24.0049991607666,22.325000762939453
2022-04-07,22.459999084472656,22.0049991607666
2022-04-08,22.524999618530273,21.405000686645508
2022-04-09,22.524999618530273,21.405000686645508
2022-04-10,22.524999618530273,21.405000686645508
2022-04-11,20.860000610351562,20.139999389648438
2022-04-12,20.010000228881836,20.309999465942383
2022-04-13,20.200000762939453,20.385000228881836
2022-04-14,20.700000762939453,20.139999389648438
2022-04-15,20.700000762939453,20.139999389648438
2022-04-16,20.700000762939453,20.139999389648438
2022-04-17,20.700000762939453,20.139999389648438
2022-04-18,20.700000762939453,20.139999389648438
2022-04-19,20.475000381469727,20.565000534057617
2022-04-20,20.2450008392334,19.81800079345703
2022-04-21,19.81800079345703,19.81800079345703
2022-04-22,18.947999954223633,18.652000427246094
2022-04-23,18.947999954223633,18.652000427246094
2022-04-24,18.947999954223633,18.652000427246094
2022-04-25,17.875999450683594,18.20599937438965
2022-04-26,18.604000091552734,17.652000427246094
2022-04-27,17.652000427246094,17.652000427246094
2022-04-28,17.99799919128418,18.04800033569336
2022-04-29,18.5,18.4060001373291
2022-04-30,18.5,18.4060001373291
2022-05-01,18.5,18.4060001373291
2022-05-02,17.81599998474121,18.035999298095703
2022-05-03,18.54599952697754,18.423999786376953
2022-05-04,18.945999145507812,17.826000213623047
2022-05-05,19.118000030517578,17.93199920654297
2022-05-06,17.93199920654297,17.93199920654297
2022-05-07,17.93199920654297,17.93199920654297
2022-05-08,17.93199920654297,17.93199920654297
2022-05-09,17.479999542236328,16.464000701904297
2022-05-10,16.469999313354492,16.304000854492188
2022-05-11,16.878000259399414,16.398000717163086
2022-05-12,15.633999824523926,15.694000244140625
2022-05-13,15.694000244140625,15.694000244140625
2022-05-14,15.694000244140625,15.694000244140625
2022-05-15,15.694000244140625,15.694000244140625
2022-05-16,16.881999969482422,16.59600067138672
2022-05-17,16.780000686645508,17.18600082397461
2022-05-18,17.224000930786133,16.61199951171875
2022-05-19,16.0,16.535999298095703
2022-05-20,16.393999099731445,15.51200008392334
2022-05-21,16.393999099731445,15.51200008392334
2022-05-22,16.393999099731445,15.51200008392334
2022-05-23,16.118000030517578,15.678000450134277
2022-05-24,15.404000282287598,14.96399974822998
2022-05-25,14.96399974822998,14.96399974822998
2022-05-26,14.899999618530273,16.327999114990234
2022-05-27,16.327999114990234,16.327999114990234
2022-05-28,16.327999114990234,16.327999114990234
2022-05-29,16.327999114990234,16.327999114990234
2022-05-30,16.327999114990234,16.327999114990234
2022-05-31,17.68000030517578,17.447999954223633
2022-06-01,17.489999771118164,17.36400032043457
2022-06-02,17.36400032043457,17.36400032043457
2022-06-03,18.200000762939453,17.47800064086914
2022-06-04,18.200000762939453,17.47800064086914
2022-06-05,18.200000762939453,17.47800064086914
2022-06-06,17.697999954223633,17.615999221801758
2022-06-07,17.468000411987305,17.440000534057617
2022-06-08,17.625999450683594,17.621999740600586
2022-06-09,17.3799991607666,17.464000701904297
2022-06-10,17.101999282836914,16.06599998474121
2022-06-11,17.101999282836914,16.06599998474121
2022-06-12,17.101999282836914,16.06599998474121
2022-06-13,15.592000007629395,15.211999893188477
2022-06-14,15.321999549865723,15.206000328063965
2022-06-15,15.270000457763672,15.571999549865723
2022-06-16,15.600000381469727,14.899999618530273
2022-06-17,14.95199966430664,14.998000144958496
2022-06-18,14.95199966430664,14.998000144958496
2022-06-19,14.95199966430664,14.998000144958496
2022-06-20,15.184000015258789,15.281999588012695
2022-06-21,15.4399995803833,16.055999755859375
2022-06-22,15.479999542236328,15.618000030517578
2022-06-23,15.468000411987305,15.458000183105469
2022-06-24,15.588000297546387,15.944000244140625
2022-06-25,15.588000297546387,15.944000244140625
2022-06-26,15.588000297546387,15.944000244140625
2022-06-27,16.280000686645508,16.076000213623047
2022-06-28,16.09000015258789,15.513999938964844
2022-06-29,15.079999923706055,14.855999946594238
2022-06-30,14.600000381469727,14.675999641418457
2022-07-01,14.270000457763672,14.140000343322754
2022-07-02,14.270000457763672,14.140000343322754
2022-07-03,14.270000457763672,14.140000343322754
2022-07-04,13.788000106811523,13.829999923706055
2022-07-05,14.031999588012695,14.185999870300293
2022-07-06,14.545999526977539,14.711999893188477
2022-07-07,14.979999542236328,15.359999656677246
2022-07-08,15.4399995803833,15.6899995803833
2022-07-09,15.4399995803833,15.6899995803833
2022-07-10,15.4399995803833,15.6899995803833
2022-07-11,15.406000137329102,15.083999633789062
2022-07-12,15.083999633789062,15.083999633789062
2022-07-13,15.043999671936035,15.017999649047852
2022-07-14,15.010000228881836,14.906000137329102
2022-07-15,15.399999618530273,15.473999977111816
2022-07-16,15.399999618530273,15.473999977111816
2022-07-17,15.399999618530273,15.473999977111816
2022-07-18,15.86400032043457,16.351999282836914
2022-07-19,15.949999809265137,16.350000381469727
2022-07-20,16.634000778198242,17.445999145507812
2022-07-21,17.290000915527344,17.58799934387207
2022-07-22,17.360000610351562,16.974000930786133
2022-07-23,17.360000610351562,16.974000930786133
2022-07-24,17.360000610351562,16.974000930786133
2022-07-25,16.99799919128418,16.483999252319336
2022-07-26,16.59600067138672,16.399999618530273
2022-07-27,16.600000381469727,17.121999740600586
2022-07-28,17.389999389648438,17.61199951171875
2022-07-29,17.757999420166016,17.479999542236328
2022-07-30,17.757999420166016,17.479999542236328
2022-07-31,17.757999420166016,17.479999542236328
2022-08-01,17.729999542236328,18.052000045776367
2022-08-02,17.989999771118164,18.101999282836914
2022-08-03,17.97800064086914,18.256000518798828
2022-08-04,18.5,18.45400047302246
2022-08-05,18.760000228881836,18.437999725341797
2022-08-06,18.760000228881836,18.437999725341797
2022-08-07,18.760000228881836,18.437999725341797
2022-08-08,18.875999450683594,17.11199951171875
2022-08-09,17.288000106811523,16.6560001373291
2022-08-10,16.549999237060547,17.22599983215332
2022-08-11,17.586000442504883,17.75200080871582
2022-08-12,17.493999481201172,17.992000579833984
2022-08-13,17.493999481201172,17.992000579833984
2022-08-14,17.493999481201172,17.992000579833984
2022-08-15,18.200000762939453,18.474000930786133
2022-08-16,18.690000534057617,18.530000686645508
2022-08-17,18.450000762939453,17.926000595092773
2022-08-18,17.84000015258789,18.559999465942383
2022-08-19,18.440000534057617,17.802000045776367
2022-08-20,18.440000534057617,17.802000045776367
2022-08-21,18.440000534057617,17.802000045776367
2022-08-22,17.426000595092773,17.34000015258789
2022-08-23,17.07200050354004,17.309999465942383
2022-08-24,17.20599937438965,17.333999633789062
2022-08-25,16.54199981689453,17.761999130249023
2022-08-26,17.8799991607666,16.88800048828125
2022-08-27,17.8799991607666,16.88800048828125
2022-08-28,17.8799991607666,16.88800048828125
2022-08-29,16.166000366210938,15.890000343322754
2022-08-30,15.925999641418457,15.46399974822998
2022-08-31,15.600000381469727,15.001999855041504
2022-09-01,14.152000427246094,13.5
2022-09-02,13.930000305175781,13.906000137329102
2022-09-03,13.930000305175781,13.906000137329102
2022-09-04,13.930000305175781,13.906000137329102
2022-09-05,13.779999732971191,13.776000022888184
2022-09-06,13.79800033569336,13.751999855041504
2022-09-07,13.510000228881836,13.586000442504883
2022-09-08,13.739999771118164,13.984000205993652
2022-09-09,13.989999771118164,14.331999778747559
2022-09-10,13.989999771118164,14.331999778747559
2022-09-11,13.989999771118164,14.331999778747559
2022-09-12,14.378000259399414,14.168000221252441
2022-09-13,14.420000076293945,13.432000160217285
2022-09-14,13.220000267028809,13.097999572753906
2022-09-15,13.248000144958496,12.947999954223633
2022-09-16,12.720000267028809,12.815999984741211
2022-09-17,12.720000267028809,12.815999984741211
2022-09-18,12.720000267028809,12.815999984741211
2022-09-19,13.097999572753906,13.204000473022461
2022-09-20,13.407999992370605,13.411999702453613
2022-09-21,13.289999961853027,13.65999984741211
2022-09-22,13.260000228881836,12.82800006866455
2022-09-23,12.699999809265137,12.76200008392334
2022-09-24,12.699999809265137,12.76200008392334
2022-09-25,12.699999809265137,12.76200008392334
2022-09-26,12.800000190734863,12.881999969482422
2022-09-27,12.859999656677246,13.02400016784668
2022-09-28,12.819999694824219,13.119999885559082
2022-09-29,13.038000106811523,12.449999809265137
2022-09-30,12.479999542236328,12.819999694824219
2022-10-01,12.479999542236328,12.819999694824219
2022-10-02,12.479999542236328,12.819999694824219
2022-10-03,12.435999870300293,12.75
2022-10-04,12.92199993133545,13.199999809265137
2022-10-05,13.180000305175781,12.98799991607666
2022-10-06,13.40999984741211,13.54800033569336
2022-10-07,12.998000144958496,12.562000274658203
2022-10-08,12.998000144958496,12.562000274658203
2022-10-09,12.998000144958496,12.562000274658203
2022-10-10,12.300000190734863,11.944000244140625
2022-10-11,11.765999794006348,11.904000282287598
2022-10-12,12.100000381469727,11.855999946594238
2022-10-13,11.800000190734863,12.079999923706055
2022-10-14,12.342000007629395,11.685999870300293
2022-10-15,12.342000007629395,11.685999870300293
2022-10-16,12.342000007629395,11.685999870300293
2022-10-17,11.697999954223633,12.052000045776367
2022-10-18,12.444000244140625,11.907999992370605
2022-10-19,12.246000289916992,12.345999717712402
2022-10-20,12.182000160217285,12.814000129699707
2022-10-21,12.263999938964844,12.416000366210938
2022-10-22,12.263999938964844,12.416000366210938
2022-10-23,12.263999938964844,12.416000366210938
2022-10-24,12.819999694824219,12.59000015258789
2022-10-25,12.819999694824219,13.223999977111816
2022-10-26,13.069999694824219,13.229999542236328
2022-10-27,13.20199966430664,13.399999618530273
2022-10-28,13.064000129699707,13.612000465393066
2022-10-29,13.064000129699707,13.612000465393066
2022-10-30,13.064000129699707,13.612000465393066
2022-10-31,13.855999946594238,13.63599967956543
2022-11-01,13.807999610900879,13.887999534606934
2022-11-02,13.895999908447266,13.944000244140625
2022-11-03,13.442000389099121,13.805999755859375
2022-11-04,13.880000114440918,14.045999526977539
2022-11-05,13.880000114440918,14.045999526977539
2022-11-06,13.880000114440918,14.045999526977539
2022-11-07,14.246000289916992,14.20199966430664
2022-11-08,14.447999954223633,14.640000343322754
2022-11-09,14.562000274658203,13.880000114440918
2022-11-10,13.821999549865723,14.9399995803833
2022-11-11,15.380000114440918,15.300000190734863
2022-11-12,15.380000114440918,15.300000190734863
2022-11-13,15.380000114440918,15.300000190734863
2022-11-14,15.692000389099121,15.821999549865723
2022-11-15,15.942000389099121,16.173999786376953
2022-11-16,15.98799991607666,15.592000007629395
2022-11-17,15.770000457763672,15.37600040435791
2022-11-18,15.239999771118164,14.907999992370605
2022-11-19,15.239999771118164,14.907999992370605
2022-11-20,15.239999771118164,14.907999992370605
2022-11-21,14.871999740600586,14.984000205993652
2022-11-22,14.881999969482422,15.35200023651123
2022-11-23,15.520000457763672,15.76200008392334
2022-11-24,15.944000244140625,15.88599967956543
2022-11-25,15.916000366210938,15.699999809265137
2022-11-26,15.916000366210938,15.699999809265137
2022-11-27,15.916000366210938,15.699999809265137
2022-11-28,15.539999961853027,15.479999542236328
2022-11-29,15.366000175476074,15.10200023651123
2022-11-30,15.088000297546387,15.371999740600586
2022-12-01,16.229999542236328,16.253999710083008
2022-12-02,16.145999908447266,15.887999534606934
2022-12-03,16.145999908447266,15.887999534606934
2022-12-04,16.145999908447266,15.887999534606934
2022-12-05,15.923999786376953,15.965999603271484
2022-12-06,15.763999938964844,15.315999984741211
2022-12-07,15.218000411987305,15.09000015258789
2022-12-08,15.34000015258789,15.814000129699707
2022-12-09,16.281999588012695,16.577999114990234
2022-12-10,16.281999588012695,16.577999114990234
2022-12-11,16.281999588012695,16.577999114990234
2022-12-12,16.158000946044922,16.211999893188477
2022-12-13,16.70199966430664,17.195999145507812
2022-12-14,17.006000518798828,16.865999221801758
2022-12-15,16.43000030517578,15.850000381469727
2022-12-16,15.8100004196167,15.649999618530273
2022-12-17,15.8100004196167,15.649999618530273
2022-12-18,15.8100004196167,15.649999618530273
2022-12-19,15.600000381469727,15.315999984741211
2022-12-20,15.095999717712402,15.12399959564209
2022-12-21,15.289999961853027,15.522000312805176
2022-12-22,15.54800033569336,14.368000030517578
2022-12-23,14.461999893188477,14.288000106811523
2022-12-24,14.461999893188477,14.288000106811523
2022-12-25,14.461999893188477,14.288000106811523
2022-12-26,14.461999893188477,14.288000106811523
2022-12-27,14.368000030517578,13.64799976348877
2022-12-28,13.22599983215332,13.206000328063965
2022-12-29,13.20199966430664,13.67199993133545
2022-12-30,13.657999992370605,13.442000389099121
2022-12-31,13.657999992370605,13.442000389099121
2023-01-01,13.657999992370605,13.442000389099121
2023-01-02,13.75,13.802000045776367
2023-01-03,13.906000137329102,13.411999702453613
2023-01-04,13.54800033569336,13.894000053405762
2023-01-05,13.89799976348877,13.529999732971191
2023-01-06,13.618000030517578,13.800000190734863
2023-01-07,13.618000030517578,13.800000190734863
2023-01-08,13.618000030517578,13.800000190734863
2023-01-09,14.041999816894531,14.859999656677246
2023-01-10,14.529999732971191,14.564000129699707
2023-01-11,14.763999938964844,14.60200023651123
2023-01-12,14.812000274658203,14.763999938964844
2023-01-13,15.208000183105469,15.343999862670898
2023-01-14,15.208000183105469,15.343999862670898
2023-01-15,15.208000183105469,15.343999862670898
2023-01-16,15.619999885559082,15.581999778747559
2023-01-17,15.618000030517578,16.124000549316406
2023-01-18,16.392000198364258,16.052000045776367
2023-01-19,15.968000411987305,15.62399959564209
2023-01-20,15.727999687194824,15.947999954223633
2023-01-21,15.727999687194824,15.947999954223633
2023-01-22,15.727999687194824,15.947999954223633
2023-01-23,16.51799964904785,17.378000259399414
2023-01-24,17.61199951171875,17.6560001373291
2023-01-25,17.624000549316406,17.332000732421875
2023-01-26,17.860000610351562,17.857999801635742
2023-01-27,17.857999801635742,17.857999801635742
2023-01-28,17.857999801635742,17.857999801635742
2023-01-29,17.857999801635742,17.857999801635742
2023-01-30,18.600000381469727,18.08799934387207
2023-01-31,17.510000228881836,17.964000701904297
2023-02-01,17.850000381469727,18.40999984741211
2023-02-02,18.902000427246094,19.552000045776367
2023-02-03,19.398000717163086,19.95599937438965
2023-02-04,19.398000717163086,19.95599937438965
2023-02-05,19.398000717163086,19.95599937438965
2023-02-06,19.43000030517578,20.03499984741211
2023-02-07,19.718000411987305,20.225000381469727
2023-02-08,20.80500030517578,20.774999618530273
2023-02-09,20.795000076293945,21.260000228881836
2023-02-10,20.81999969482422,19.856000900268555
2023-02-11,20.81999969482422,19.856000900268555
2023-02-12,20.81999969482422,19.856000900268555
2023-02-13,19.812000274658203,20.3799991607666
2023-02-14,20.295000076293945,20.920000076293945
2023-02-15,21.104999542236328,21.030000686645508
2023-02-16,21.229999542236328,20.8700008392334
2023-02-17,20.225000381469727,19.81599998474121
2023-02-18,20.225000381469727,19.81599998474121
2023-02-19,20.225000381469727,19.81599998474121
2023-02-20,20.0049991607666,20.15999984741211
2023-02-21,19.983999252319336,19.65999984741211
2023-02-22,19.399999618530273,19.552000045776367
2023-02-23,21.149999618530273,22.020000457763672
2023-02-24,22.100000381469727,21.934999465942383
2023-02-25,22.100000381469727,21.934999465942383
2023-02-26,22.100000381469727,21.934999465942383
2023-02-27,22.104999542236328,22.315000534057617
2023-02-28,22.184999465942383,22.104999542236328
2023-03-01,21.690000534057617,21.135000228881836
2023-03-02,21.084999084472656,21.40999984741211
2023-03-03,21.954999923706055,21.895000457763672
2023-03-04,21.954999923706055,21.895000457763672
2023-03-05,21.954999923706055,21.895000457763672
2023-03-06,22.469999313354492,22.545000076293945
2023-03-07,22.145000457763672,22.5
2023-03-08,22.155000686645508,22.485000610351562
2023-03-09,22.834999084472656,22.825000762939453
2023-03-10,22.100000381469727,22.145000457763672
2023-03-11,22.100000381469727,22.145000457763672
2023-03-12,22.100000381469727,22.145000457763672
2023-03-13,21.834999084472656,21.350000381469727
2023-03-14,21.559999465942383,22.530000686645508
2023-03-15,22.479999542236328,22.315000534057617
2023-03-16,22.989999771118164,23.684999465942383
2023-03-17,24.204999923706055,24.34000015258789
2023-03-18,24.204999923706055,24.34000015258789
2023-03-19,24.204999923706055,24.34000015258789
2023-03-20,23.975000381469727,23.975000381469727
2023-03-21,24.2549991607666,23.969999313354492
2023-03-22,24.280000686645508,25.0049991607666
2023-03-23,24.829999923706055,25.1200008392334
2023-03-24,25.309999465942383,24.655000686645508
2023-03-25,25.309999465942383,24.655000686645508
2023-03-26,25.309999465942383,24.655000686645508
2023-03-27,24.985000610351562,24.739999771118164
2023-03-28,24.704999923706055,24.204999923706055
2023-03-29,24.594999313354492,24.760000228881836
2023-03-30,24.940000534057617,25.104999542236328
2023-03-31,25.204999923706055,25.2450008392334
2023-04-01,25.204999923706055,25.2450008392334
2023-04-02,25.204999923706055,25.2450008392334
2023-04-03,25.485000610351562,25.34000015258789
2023-04-04,25.44499969482422,25.2549991607666
2023-04-05,25.114999771118164,24.405000686645508
2023-04-06,24.40999984741211,24.6299991607666
2023-04-07,24.40999984741211,24.6299991607666
2023-04-08,24.40999984741211,24.6299991607666
2023-04-09,24.40999984741211,24.6299991607666
2023-04-10,24.40999984741211,24.6299991607666
2023-04-11,25.350000381469727,25.020000457763672
2023-04-12,24.844999313354492,24.344999313354492
2023-04-13,24.225000381469727,24.059999465942383
2023-04-14,23.94499969482422,24.225000381469727
2023-04-15,23.94499969482422,24.225000381469727
2023-04-16,23.94499969482422,24.225000381469727
2023-04-17,24.360000610351562,24.375
2023-04-18,24.90999984741211,25.399999618530273
2023-04-19,25.184999465942383,25.2549991607666
2023-04-20,25.360000610351562,25.09000015258789
2023-04-21,24.854999542236328,24.690000534057617
2023-04-22,24.854999542236328,24.690000534057617
2023-04-23,24.854999542236328,24.690000534057617
2023-04-24,24.524999618530273,24.385000228881836
2023-04-25,24.299999237060547,24.28499984741211
2023-04-26,24.424999237060547,24.6200008392334
2023-04-27,24.56999969482422,24.334999084472656
2023-04-28,24.584999084472656,24.825000762939453
2023-04-29,24.584999084472656,24.825000762939453
2023-04-30,24.584999084472656,24.825000762939453
2023-05-01,24.584999084472656,24.825000762939453
2023-05-02,26.075000762939453,25.729999542236328
2023-05-03,25.350000381469727,25.09000015258789
2023-05-04,25.125,25.174999237060547
2023-05-05,25.049999237060547,25.790000915527344
2023-05-06,25.049999237060547,25.790000915527344
2023-05-07,25.049999237060547,25.790000915527344
2023-05-08,26.0,26.190000534057617
2023-05-09,26.399999618530273,26.059999465942383
2023-05-10,25.934999465942383,26.364999771118164
2023-05-11,26.405000686645508,26.190000534057617
2023-05-12,26.229999542236328,25.975000381469727
2023-05-13,26.229999542236328,25.975000381469727
2023-05-14,26.229999542236328,25.975000381469727
2023-05-15,26.104999542236328,26.399999618530273
2023-05-16,26.520000457763672,27.139999389648438
2023-05-17,27.1299991607666,27.43000030517578
2023-05-18,27.954999923706055,29.295000076293945
2023-05-19,29.350000381469727,28.770000457763672
2023-05-20,29.350000381469727,28.770000457763672
2023-05-21,29.350000381469727,28.770000457763672
2023-05-22,28.854999542236328,28.959999084472656
2023-05-23,28.94499969482422,28.739999771118164
2023-05-24,28.30500030517578,27.90999984741211
2023-05-25,34.57500076293945,36.290000915527344
2023-05-26,35.189998626708984,36.02000045776367
2023-05-27,35.189998626708984,36.02000045776367
2023-05-28,35.189998626708984,36.02000045776367
2023-05-29,36.560001373291016,36.779998779296875
2023-05-30,36.900001525878906,38.35499954223633
2023-05-31,37.0,36.20500183105469
2023-06-01,35.73500061035156,36.540000915527344
2023-06-02,37.31999969482422,37.0
2023-06-03,37.31999969482422,37.0
2023-06-04,37.31999969482422,37.0
2023-06-05,36.599998474121094,36.709999084472656
2023-06-06,36.439998626708984,36.35499954223633
2023-06-07,36.05500030517578,36.14500045776367
2023-06-08,34.654998779296875,35.7400016784668
2023-06-09,35.959999084472656,36.30500030517578
2023-06-10,35.959999084472656,36.30500030517578
2023-06-11,35.959999084472656,36.30500030517578
2023-06-12,36.48500061035156,36.220001220703125
2023-06-13,36.814998626708984,37.67499923706055
2023-06-14,38.279998779296875,38.79499816894531
2023-06-15,39.685001373291016,39.16999816894531
2023-06-16,38.95500183105469,39.584999084472656
2023-06-17,38.95500183105469,39.584999084472656
2023-06-18,38.95500183105469,39.584999084472656
2023-06-19,39.20000076293945,38.8849983215332
2023-06-20,38.73500061035156,39.5
2023-06-21,39.95000076293945,38.869998931884766
2023-06-22,38.599998474121094,39.380001068115234
2023-06-23,39.060001373291016,38.79999923706055
2023-06-24,39.060001373291016,38.79999923706055
2023-06-25,39.060001373291016,38.79999923706055
2023-06-26,38.79999923706055,37.96500015258789
2023-06-27,37.29999923706055,37.43000030517578
2023-06-28,37.20000076293945,38.09000015258789
2023-06-29,37.70500183105469,37.79999923706055
2023-06-30,37.81999969482422,38.6150016784668
2023-07-01,37.81999969482422,38.6150016784668
2023-07-02,37.81999969482422,38.6150016784668
2023-07-03,39.189998626708984,38.90999984741211
2023-07-04,38.89500045776367,39.0099983215332
2023-07-05,39.154998779296875,39.130001068115234
2023-07-06,38.7599983215332,38.314998626708984
2023-07-07,38.6349983215332,39.04499816894531
2023-07-08,38.6349983215332,39.04499816894531
2023-07-09,38.6349983215332,39.04499816894531
2023-07-10,38.60499954223633,38.31999969482422
2023-07-11,38.57500076293945,38.48500061035156
2023-07-12,38.45500183105469,39.099998474121094
2023-07-13,39.69499969482422,40.04499816894531
2023-07-14,41.310001373291016,42.119998931884766
2023-07-15,41.310001373291016,42.119998931884766
2023-07-16,41.310001373291016,42.119998931884766
2023-07-17,40.814998626708984,40.69499969482422
2023-07-18,41.41999816894531,41.025001525878906
2023-07-19,42.415000915527344,42.404998779296875
2023-07-20,41.5099983215332,41.56999969482422
2023-07-21,40.595001220703125,40.29999923706055
2023-07-22,40.595001220703125,40.29999923706055
2023-07-23,40.595001220703125,40.29999923706055
2023-07-24,39.81999969482422,40.560001373291016
2023-07-25,40.55500030517578,41.53499984741211
2023-07-26,41.60499954223633,40.64500045776367
2023-07-27,41.47999954223633,42.65999984741211
2023-07-28,42.45000076293945,42.5
2023-07-29,42.45000076293945,42.5
2023-07-30,42.45000076293945,42.5
2023-07-31,42.459999084472656,42.334999084472656
2023-08-01,42.599998474121094,42.525001525878906
2023-08-02,41.70000076293945,40.58000183105469
2023-08-03,40.400001525878906,40.92499923706055
2023-08-04,41.04999923706055,40.94499969482422
2023-08-05,41.04999923706055,40.94499969482422
2023-08-06,41.04999923706055,40.94499969482422
2023-08-07,40.904998779296875,40.81999969482422
2023-08-08,41.064998626708984,40.959999084472656
2023-08-09,40.77000045776367,38.810001373291016
2023-08-10,38.8650016784668,38.720001220703125
2023-08-11,38.599998474121094,37.23500061035156
2023-08-12,38.599998474121094,37.23500061035156
2023-08-13,38.599998474121094,37.23500061035156
2023-08-14,37.150001525878906,39.125
2023-08-15,40.935001373291016,40.75
2023-08-16,40.27000045776367,40.474998474121094
2023-08-17,40.125,39.834999084472656
2023-08-18,39.834999084472656,39.025001525878906
2023-08-19,39.834999084472656,39.025001525878906
2023-08-20,39.834999084472656,39.025001525878906
2023-08-21,40.150001525878906,41.625
2023-08-22,43.334999084472656,42.474998474121094
2023-08-23,42.349998474121094,42.91999816894531
2023-08-24,46.8650016784668,44.279998779296875
2023-08-25,43.6349983215332,42.3849983215332
2023-08-26,43.6349983215332,42.3849983215332
2023-08-27,43.6349983215332,42.3849983215332
2023-08-28,43.099998474121094,42.48500061035156
2023-08-29,43.400001525878906,44.79999923706055
2023-08-30,44.915000915527344,45.26499938964844
2023-08-31,45.29999923706055,45.630001068115234
2023-09-01,45.505001068115234,44.915000915527344
2023-09-02,45.505001068115234,44.915000915527344
2023-09-03,45.505001068115234,44.915000915527344
2023-09-04,45.095001220703125,45.04999923706055
2023-09-05,45.08000183105469,45.13999938964844
2023-09-06,45.095001220703125,43.81999969482422
2023-09-07,43.380001068115234,42.709999084472656
2023-09-08,43.3849983215332,42.67499923706055
2023-09-09,43.3849983215332,42.67499923706055
2023-09-10,43.3849983215332,42.67499923706055
2023-09-11,42.58000183105469,41.599998474121094
2023-09-12,42.029998779296875,42.28499984741211
2023-09-13,41.6349983215332,42.4900016784668
2023-09-14,42.849998474121094,42.86000061035156
2023-09-15,42.91999816894531,41.47999954223633
2023-09-16,42.91999816894531,41.47999954223633
2023-09-17,42.91999816894531,41.47999954223633
2023-09-18,41.25,40.89500045776367
2023-09-19,40.994998931884766,40.55500030517578
2023-09-20,40.7599983215332,40.4900016784668
2023-09-21,39.29999923706055,38.98500061035156
2023-09-22,38.63999938964844,39.3650016784668
2023-09-23,38.63999938964844,39.3650016784668
2023-09-24,38.63999938964844,39.3650016784668
2023-09-25,39.244998931884766,39.95500183105469
2023-09-26,39.505001068115234,39.880001068115234
2023-09-27,39.85499954223633,40.06999969482422
2023-09-28,40.505001068115234,40.71500015258789
2023-09-29,41.029998779296875,41.345001220703125
2023-09-30,41.029998779296875,41.345001220703125
2023-10-01,41.029998779296875,41.345001220703125
2023-10-02,41.7599983215332,42.84000015258789
2023-10-03,42.79999923706055,41.880001068115234
2023-10-04,40.900001525878906,41.775001525878906
2023-10-05,41.83000183105469,42.084999084472656
2023-10-06,42.29499816894531,42.67499923706055
2023-10-07,42.29499816894531,42.67499923706055
2023-10-08,42.29499816894531,42.67499923706055
2023-10-09,42.6150016784668,42.2599983215332
2023-10-10,42.849998474121094,43.435001373291016
2023-10-11,43.439998626708984,43.71500015258789
2023-10-12,44.34000015258789,44.75
2023-10-13,44.314998626708984,44.029998779296875
2023-10-14,44.314998626708984,44.029998779296875
2023-10-15,44.314998626708984,44.029998779296875
2023-10-16,43.13999938964844,43.79499816894531
2023-10-17,43.72999954223633,41.875
2023-10-18,40.959999084472656,40.310001373291016
2023-10-19,39.849998474121094,40.54999923706055
2023-10-20,39.32500076293945,39.025001525878906
2023-10-21,39.32500076293945,39.025001525878906
2023-10-22,39.32500076293945,39.025001525878906
2023-10-23,39.17499923706055,39.974998474121094
2023-10-24,40.845001220703125,40.650001525878906
2023-10-25,40.8849983215332,40.48500061035156
2023-10-26,38.77000045776367,38.380001068115234
2023-10-27,38.7599983215332,38.584999084472656
2023-10-28,38.7599983215332,38.584999084472656
2023-10-29,38.7599983215332,38.584999084472656
2023-10-30,38.775001525878906,38.4900016784668
2023-10-31,38.28499984741211,37.9900016784668
2023-11-01,38.505001068115234,39.630001068115234
2023-11-02,40.625,40.67499923706055
2023-11-03,40.755001068115234,41.744998931884766
2023-11-04,40.755001068115234,41.744998931884766
2023-11-05,40.755001068115234,41.744998931884766
2023-11-06,42.119998931884766,42.540000915527344
2023-11-07,42.595001220703125,43.1349983215332
2023-11-08,42.91999816894531,43.345001220703125
2023-11-09,43.744998931884766,44.72999954223633
2023-11-10,44.05500030517578,44.790000915527344
2023-11-11,44.05500030517578,44.790000915527344
2023-11-12,44.05500030517578,44.790000915527344
2023-11-13,45.0,45.689998626708984
2023-11-14,45.689998626708984,45.665000915527344
2023-11-15,46.099998474121094,45.35499954223633
2023-11-16,44.91999816894531,44.84000015258789
2023-11-17,45.69499969482422,45.29999923706055
2023-11-18,45.69499969482422,45.29999923706055
2023-11-19,45.69499969482422,45.29999923706055
2023-11-20,45.150001525878906,45.40999984741211
2023-11-21,46.099998474121094,45.42499923706055
2023-11-22,45.04999923706055,44.380001068115234
2023-11-23,44.77000045776367,44.900001525878906
2023-11-24,44.244998931884766,44.05500030517578
2023-11-25,44.244998931884766,44.05500030517578
2023-11-26,44.244998931884766,44.05500030517578
2023-11-27,43.51499938964844,43.93000030517578
2023-11-28,44.025001525878906,43.77000045776367
2023-11-29,43.599998474121094,43.779998779296875
2023-11-30,44.04999923706055,42.915000915527344
2023-12-01,42.89500045776367,43.125
2023-12-02,42.89500045776367,43.125
2023-12-03,42.89500045776367,43.125
2023-12-04,42.720001220703125,41.814998626708984
2023-12-05,41.60499954223633,42.66999816894531
2023-12-06,43.564998626708984,42.90999984741211
2023-12-07,42.10499954223633,42.869998931884766
2023-12-08,43.025001525878906,44.189998626708984
2023-12-09,43.025001525878906,44.189998626708984
2023-12-10,43.025001525878906,44.189998626708984
2023-12-11,44.04499816894531,42.75
2023-12-12,43.255001068115234,43.70500183105469
2023-12-13,44.25,44.654998779296875
2023-12-14,44.599998474121094,43.790000915527344
2023-12-15,44.09000015258789,45.025001525878906
2023-12-16,44.09000015258789,45.025001525878906
2023-12-17,44.09000015258789,45.025001525878906
2023-12-18,44.974998474121094,45.72999954223633
2023-12-19,45.75,44.779998779296875
2023-12-20,45.20500183105469,45.43000030517578
2023-12-21,44.32500076293945,44.345001220703125
2023-12-22,44.3650016784668,44.46500015258789
2023-12-23,44.3650016784668,44.46500015258789
2023-12-24,44.3650016784668,44.46500015258789
2023-12-25,44.3650016784668,44.46500015258789
2023-12-26,44.3650016784668,44.46500015258789
2023-12-27,44.564998626708984,44.4900016784668
2023-12-28,44.53499984741211,44.83000183105469
2023-12-29,44.85499954223633,44.974998474121094
2023-12-30,44.85499954223633,44.974998474121094
2023-12-31,44.85499954223633,44.974998474121094
2024-01-01,44.85499954223633,44.974998474121094
2024-01-02,44.9900016784668,43.939998626708984
2024-01-03,43.904998779296875,43.70500183105469
2024-01-04,43.70000076293945,44.060001373291016
2024-01-05,43.915000915527344,45.04999923706055
2024-01-06,43.915000915527344,45.04999923706055
2024-01-07,43.915000915527344,45.04999923706055
2024-01-08,44.80500030517578,46.79999923706055
2024-01-09,47.81999969482422,48.334999084472656
2024-01-10,48.83000183105469,49.560001373291016
2024-01-11,49.900001525878906,49.27000045776367
2024-01-12,49.71500015258789,49.845001220703125
2024-01-13,49.71500015258789,49.845001220703125
2024-01-14,49.71500015258789,49.845001220703125
2024-01-15,50.20000076293945,50.5
2024-01-16,49.959999084472656,52.09000015258789
2024-01-17,51.56999969482422,51.54999923706055
2024-01-18,52.060001373291016,52.90999984741211
2024-01-19,53.209999084472656,53.4900016784668
2024-01-20,53.209999084472656,53.4900016784668
2024-01-21,53.209999084472656,53.4900016784668
2024-01-22,55.349998474121094,55.11000061035156
2024-01-23,54.959999084472656,54.90999984741211
2024-01-24,55.599998474121094,56.63999938964844
2024-01-25,56.779998779296875,57.560001373291016
2024-01-26,55.599998474121094,56.459999084472656
2024-01-27,55.599998474121094,56.459999084472656
2024-01-28,55.599998474121094,56.459999084472656
2024-01-29,56.720001220703125,56.83000183105469
2024-01-30,58.27000045776367,58.2400016784668
2024-01-31,57.189998626708984,56.560001373291016
2024-02-01,57.63999938964844,57.09000015258789
2024-02-02,58.84000015258789,60.720001220703125
2024-02-03,58.84000015258789,60.720001220703125
2024-02-04,58.84000015258789,60.720001220703125
2024-02-05,61.61000061035156,63.810001373291016
2024-02-06,66.29000091552734,63.27000045776367
2024-02-07,62.75,64.05999755859375
2024-02-08,65.72000122070312,65.45999908447266
2024-02-09,64.94999694824219,66.16000366210938
2024-02-10,64.94999694824219,66.16000366210938
2024-02-11,64.94999694824219,66.16000366210938
2024-02-12,67.01000213623047,68.8499984741211
2024-02-13,67.36000061035156,67.87000274658203
2024-02-14,68.19999694824219,67.80000305175781
2024-02-15,69.1500015258789,67.9000015258789
2024-02-16,68.02999877929688,68.68000030517578
2024-02-17,68.02999877929688,68.68000030517578
2024-02-18,68.02999877929688,68.68000030517578
2024-02-19,67.98999786376953,67.9800033569336
2024-02-20,67.4000015258789,63.22999954223633
2024-02-21,63.2599983215332,62.97999954223633
2024-02-22,69.80000305175781,72.0
2024-02-23,74.43000030517578,73.5
2024-02-24,74.43000030517578,73.5
2024-02-25,74.43000030517578,73.5
2024-02-26,72.94999694824219,73.7300033569336
2024-02-27,72.9800033569336,72.5199966430664
2024-02-28,72.30999755859375,72.5
2024-02-29,71.51000213623047,72.88999938964844
2024-03-01,74.26000213623047,75.55000305175781
2024-03-02,74.26000213623047,75.55000305175781
2024-03-03,74.26000213623047,75.55000305175781
2024-03-04,76.69999694824219,78.25
2024-03-05,78.7699966430664,77.77999877929688
2024-03-06,79.5,80.94000244140625
2024-03-07,81.73999786376953,83.87999725341797
2024-03-08,87.44999694824219,82.30999755859375
2024-03-09,87.44999694824219,82.30999755859375
2024-03-10,87.44999694824219,82.30999755859375
2024-03-11,78.88999938964844,80.0199966430664
2024-03-12,79.91999816894531,82.94000244140625
2024-03-13,85.4000015258789,81.30999755859375
2024-03-14,82.94999694824219,80.62000274658203
2024-03-15,79.9800033569336,81.54000091552734
2024-03-16,79.9800033569336,81.54000091552734
2024-03-17,79.9800033569336,81.54000091552734
2024-03-18,82.26000213623047,81.31999969482422
2024-03-19,80.94999694824219,81.7699966430664
2024-03-20,82.33000183105469,81.5
2024-03-21,83.80000305175781,85.06999969482422
2024-03-22,84.5,86.9800033569336
2024-03-23,84.5,86.9800033569336
2024-03-24,84.5,86.9800033569336
2024-03-25,87.72000122070312,87.88999938964844
2024-03-26,88.30000305175781,87.2300033569336
2024-03-27,85.9000015258789,83.47000122070312
2024-03-28,83.69999694824219,83.88999938964844
2024-03-29,83.69999694824219,83.88999938964844
2024-03-30,83.69999694824219,83.88999938964844
2024-03-31,83.69999694824219,83.88999938964844
2024-04-01,83.69999694824219,83.88999938964844
2024-04-02,84.30000305175781,82.94000244140625
2024-04-03,82.29000091552734,83.19999694824219
2024-04-04,82.58999633789062,82.25
2024-04-05,80.30000305175781,80.9800033569336
2024-04-06,80.30000305175781,80.9800033569336
2024-04-07,80.30000305175781,80.9800033569336
2024-04-08,81.27999877929688,80.80000305175781
2024-04-09,80.0999984741211,77.19999694824219
2024-04-10,78.02999877929688,80.79000091552734
2024-04-11,81.43000030517578,82.86000061035156
2024-04-12,84.9800033569336,84.05999755859375
2024-04-13,84.9800033569336,84.05999755859375
2024-04-14,84.9800033569336,84.05999755859375
2024-04-15,83.0999984741211,83.69000244140625
2024-04-16,80.9000015258789,82.08999633789062
2024-04-17,81.70999908447266,80.7300033569336
2024-04-18,80.69999694824219,80.33000183105469
2024-04-19,78.6500015258789,76.6500015258789
2024-04-20,78.6500015258789,76.6500015258789
2024-04-21,78.6500015258789,76.6500015258789
2024-04-22,73.33000183105469,73.26000213623047
2024-04-23,75.0,77.23999786376953
2024-04-24,79.0999984741211,76.80000305175781
2024-04-25,73.2300033569336,75.83000183105469
2024-04-26,78.72000122070312,81.23999786376953
2024-04-27,78.72000122070312,81.23999786376953
2024-04-28,78.72000122070312,81.23999786376953
2024-04-29,82.4800033569336,80.94999694824219
2024-04-30,82.01000213623047,82.18000030517578
2024-05-01,82.01000213623047,82.18000030517578
2024-05-02,78.54000091552734,79.26000213623047
2024-05-03,80.51000213623047,81.76000213623047
2024-05-04,80.51000213623047,81.76000213623047
2024-05-05,80.51000213623047,81.76000213623047
2024-05-06,82.58000183105469,85.19999694824219
2024-05-07,85.08999633789062,83.9000015258789
2024-05-08,84.04000091552734,83.5999984741211
2024-05-09,83.69000244140625,83.05000305175781
2024-05-10,82.80000305175781,83.48999786376953
2024-05-11,82.80000305175781,83.48999786376953
2024-05-12,82.80000305175781,83.48999786376953
2024-05-13,83.72000122070312,83.6500015258789
2024-05-14,83.69999694824219,83.95999908447266
2024-05-15,84.44999694824219,86.6500015258789
2024-05-16,87.33000183105469,87.81999969482422
2024-05-17,86.87999725341797,86.05999755859375
2024-05-18,86.87999725341797,86.05999755859375
2024-05-19,86.87999725341797,86.05999755859375
2024-05-20,85.83000183105469,86.94999694824219
2024-05-21,87.8499984741211,87.38999938964844
2024-05-22,87.95999908447266,87.66999816894531
2024-05-23,93.51000213623047,96.91000366210938
2024-05-24,95.55999755859375,96.44999694824219
2024-05-25,95.55999755859375,96.44999694824219
2024-05-26,95.55999755859375,96.44999694824219
2024-05-27,99.81999969482422,100.5999984741211
2024-05-28,101.0999984741211,103.12000274658203
2024-05-29,107.05999755859375,104.9800033569336
2024-05-30,105.0999984741211,104.83999633789062
2024-05-31,102.4000015258789,100.62000274658203
2024-06-01,102.4000015258789,100.62000274658203
2024-06-02,102.4000015258789,100.62000274658203
2024-06-03,103.4800033569336,104.27999877929688
2024-06-04,106.0999984741211,105.05999755859375
2024-06-05,107.04000091552734,110.36000061035156
2024-06-06,114.05999755859375,110.83999633789062
2024-06-07,111.66000366210938,110.44000244140625
2024-06-08,111.66000366210938,110.44000244140625
2024-06-09,111.66000366210938,110.44000244140625
2024-06-10,114.0999984741211,114.22000122070312
2024-06-11,113.80000305175781,112.0
2024-06-12,112.69999694824219,115.76000213623047
2024-06-13,117.95999908447266,119.45999908447266
2024-06-14,122.69999694824219,121.9800033569336
2024-06-15,122.69999694824219,121.9800033569336
2024-06-16,122.69999694824219,121.9800033569336
2024-06-17,124.19999694824219,122.44000244140625
2024-06-18,122.66000366210938,124.41999816894531
2024-06-19,129.1999969482422,129.60000610351562
2024-06-20,131.8000030517578,129.5399932861328
2024-06-21,123.05999755859375,119.72000122070312
2024-06-22,123.05999755859375,119.72000122070312
2024-06-23,123.05999755859375,119.72000122070312
2024-06-24,117.5999984741211,112.33999633789062
2024-06-25,107.0,116.27999877929688
2024-06-26,121.19999694824219,115.5199966430664
2024-06-27,115.54000091552734,115.04000091552734
2024-06-28,116.76000213623047,117.68000030517578
2024-06-29,116.76000213623047,117.68000030517578
2024-06-30,116.76000213623047,117.68000030517578
2024-07-01,115.5999984741211,115.5999984741211
2024-07-02,115.08000183105469,113.69999694824219
2024-07-03,113.0199966430664,116.5999984741211
2024-07-04,119.5,117.72000122070312
2024-07-05,118.44000244140625,117.44000244140625
2024-07-06,118.44000244140625,117.44000244140625
2024-07-07,118.44000244140625,117.44000244140625
2024-07-08,116.19999694824219,118.80000305175781
2024-07-09,119.0,121.4000015258789
2024-07-10,122.0,123.86000061035156
2024-07-11,125.0,117.87999725341797
2024-07-12,116.9000015258789,119.73999786376953
2024-07-13,116.9000015258789,119.73999786376953
2024-07-14,116.9000015258789,119.73999786376953
2024-07-15,119.5199966430664,118.63999938964844
2024-07-16,118.05999755859375,116.05999755859375
2024-07-17,114.0999984741211,109.5
2024-07-18,112.0,107.68000030517578
2024-07-19,111.26000213623047,109.45999908447266
2024-07-20,111.26000213623047,109.45999908447266
2024-07-21,111.26000213623047,109.45999908447266
2024-07-22,109.4000015258789,111.04000091552734
2024-07-23,113.12000274658203,114.4000015258789
2024-07-24,111.0,108.63999938964844
2024-07-25,106.36000061035156,105.4000015258789
2024-07-26,104.19999694824219,103.91999816894531
2024-07-27,104.19999694824219,103.91999816894531
2024-07-28,104.19999694824219,103.91999816894531
2024-07-29,105.55999755859375,103.55999755859375
2024-07-30,102.69999694824219,97.4000015258789
2024-07-31,101.5999984741211,107.0
2024-08-01,111.91999816894531,105.68000030517578
2024-08-02,97.73999786376953,98.0
2024-08-03,97.73999786376953,98.0
2024-08-04,97.73999786376953,98.0
2024-08-05,85.30000305175781,91.7699966430664
2024-08-06,96.19999694824219,95.63999938964844
2024-08-07,95.5,96.20999908447266
2024-08-08,91.44000244140625,94.80999755859375
2024-08-09,96.5,95.93000030517578
2024-08-10,96.5,95.93000030517578
2024-08-11,96.5,95.93000030517578
2024-08-12,96.30000305175781,99.54000091552734
2024-08-13,101.26000213623047,104.66000366210938
2024-08-14,107.18000030517578,106.69999694824219
2024-08-15,107.4000015258789,110.95999908447266
2024-08-16,112.69999694824219,112.0999984741211
2024-08-17,112.69999694824219,112.0999984741211
2024-08-18,112.69999694824219,112.0999984741211
2024-08-19,112.31999969482422,114.55999755859375
2024-08-20,117.16000366210938,115.22000122070312
2024-08-21,113.80000305175781,114.95999908447266
2024-08-22,115.0999984741211,114.76000213623047
2024-08-23,113.0,115.05999755859375
2024-08-24,113.0,115.05999755859375
2024-08-25,113.0,115.05999755859375
2024-08-26,116.5199966430664,113.9000015258789
2024-08-27,113.4000015258789,114.87999725341797
2024-08-28,115.5199966430664,111.87999725341797
2024-08-29,107.45999908447266,109.37999725341797
2024-08-30,107.5999984741211,106.76000213623047
2024-08-31,107.5999984741211,106.76000213623047
2024-09-01,107.5999984741211,106.76000213623047
2024-09-02,108.0,107.66000366210938
2024-09-03,107.45999908447266,100.69999694824219
2024-09-04,94.05999755859375,97.55000305175781
2024-09-05,96.22000122070312,96.04000091552734
2024-09-06,95.4000015258789,92.0999984741211
2024-09-07,95.4000015258789,92.0999984741211
2024-09-08,95.4000015258789,92.0999984741211
2024-09-09,94.5,94.94000244140625
2024-09-10,96.02999877929688,97.19000244140625
2024-09-11,97.43000030517578,99.33000183105469
2024-09-12,106.80000305175781,107.5199966430664
2024-09-13,107.69999694824219,107.68000030517578
2024-09-14,107.69999694824219,107.68000030517578
2024-09-15,107.69999694824219,107.68000030517578
2024-09-16,106.9800033569336,104.86000061035156
2024-09-17,104.95999908447266,105.4800033569336
2024-09-18,104.26000213623047,103.16000366210938
2024-09-19,104.80000305175781,107.05999755859375
2024-09-20,105.80000305175781,104.4800033569336
2024-09-21,105.80000305175781,104.4800033569336
2024-09-22,105.80000305175781,104.4800033569336
2024-09-23,104.73999786376953,103.87999725341797
2024-09-24,104.72000122070312,106.0
2024-09-25,107.58000183105469,111.13999938964844
2024-09-26,113.5,110.55999755859375
2024-09-27,109.9000015258789,107.73999786376953
2024-09-28,109.9000015258789,107.73999786376953
2024-09-29,109.9000015258789,107.73999786376953
2024-09-30,107.72000122070312,108.33999633789062
2024-10-01,109.22000122070312,106.19999694824219
2024-10-02,105.22000122070312,107.83999633789062
2024-10-03,108.0999984741211,111.73999786376953
2024-10-04,111.5999984741211,112.5999984741211
2024-10-05,111.5999984741211,112.5999984741211
2024-10-06,111.5999984741211,112.5999984741211
2024-10-07,113.83999633789062,117.4800033569336
2024-10-08,116.68000030517578,120.5
2024-10-09,121.69999694824219,121.80000305175781
2024-10-10,121.0199966430664,122.76000213623047
2024-10-11,123.26000213623047,123.30000305175781
2024-10-12,123.26000213623047,123.30000305175781
2024-10-13,123.26000213623047,123.30000305175781
2024-10-14,123.19999694824219,126.4800033569336
2024-10-15,126.5999984741211,121.31999969482422
2024-10-16,122.30000305175781,123.30000305175781
2024-10-17,128.0399932861328,128.94000244140625
2024-10-18,127.5199966430664,126.9000015258789
2024-10-19,127.5199966430664,126.9000015258789
2024-10-20,127.5199966430664,126.9000015258789
2024-10-21,127.45999908447266,130.0399932861328
2024-10-22,132.1999969482422,132.24000549316406
2024-10-23,132.83999633789062,129.86000061035156
2024-10-24,130.75999450683594,129.4199981689453
2024-10-25,129.39999389648438,132.89999389648438
2024-10-26,129.39999389648438,132.89999389648438
2024-10-27,129.39999389648438,132.89999389648438
2024-10-28,132.0,129.8800048828125
2024-10-29,129.8800048828125,131.0800018310547
2024-10-30,130.4199981689453,128.44000244140625
2024-10-31,126.13999938964844,122.94000244140625
2024-11-01,122.94000244140625,122.94000244140625
2024-11-02,122.94000244140625,122.94000244140625
2024-11-03,122.94000244140625,122.94000244140625
2024-11-04,128.1199951171875,127.22000122070312
2024-11-05,125.30000305175781,128.05999755859375
2024-11-06,132.0,134.22000122070312
2024-11-07,135.0,137.16000366210938
2024-11-08,139.0,137.16000366210938
2024-11-09,139.0,137.16000366210938
2024-11-10,139.0,137.16000366210938
2024-11-11,138.5,136.47999572753906
2024-11-12,136.0,140.36000061035156
2024-11-13,140.0,139.05999755859375
2024-11-14,139.5,140.66000366210938
2024-11-15,138.52000427246094,135.60000610351562
