,Open,Close,color
0,10.717499732971191,10.837499618530273,green
1,10.703749656677246,10.842499732971191,green
2,10.725000381469727,10.678750038146973,red
3,10.395000457763672,10.744999885559082,green
4,10.899999618530273,10.756250381469727,red
5,10.899999618530273,10.756250381469727,red
6,10.899999618530273,10.756250381469727,red
7,10.824999809265137,11.313750267028809,green
8,11.300000190734863,11.217499732971191,red
9,11.141249656677246,11.137499809265137,red
10,11.141249656677246,11.008749961853027,red
11,10.912500381469727,10.77750015258789,red
12,10.912500381469727,10.77750015258789,red
13,10.912500381469727,10.77750015258789,red
14,10.701250076293945,10.699999809265137,red
15,10.75,10.59375,red
16,10.757499694824219,10.977499961853027,green
17,11.092499732971191,11.213749885559082,green
18,11.300000190734863,11.207500457763672,red
19,11.300000190734863,11.207500457763672,red
20,11.300000190734863,11.207500457763672,red
21,11.362500190734863,11.114999771118164,red
22,11.148750305175781,11.162500381469727,green
23,11.119999885559082,10.731249809265137,red
24,10.626250267028809,10.836250305175781,green
25,10.62874984741211,10.75374984741211,green
26,10.62874984741211,10.75374984741211,green
27,10.62874984741211,10.75374984741211,green
28,10.8149995803833,10.77750015258789,red
29,10.994999885559082,11.061249732971191,green
30,11.311249732971191,11.261249542236328,red
31,11.265000343322754,11.265000343322754,green
32,11.375,11.302499771118164,red
33,11.375,11.302499771118164,red
34,11.375,11.302499771118164,red
35,11.337499618530273,11.675000190734863,green
36,11.850000381469727,11.87125015258789,green
37,11.856249809265137,12.050000190734863,green
38,12.149999618530273,12.555000305175781,green
39,12.550000190734863,12.577500343322754,green
40,12.550000190734863,12.577500343322754,green
41,12.550000190734863,12.577500343322754,green
42,12.489999771118164,12.454999923706055,red
43,12.449999809265137,12.524999618530273,green
44,12.697500228881836,12.313750267028809,red
45,12.3125,12.180000305175781,red
46,12.321249961853027,12.482500076293945,green
47,12.321249961853027,12.482500076293945,green
48,12.321249961853027,12.482500076293945,green
49,12.206250190734863,12.173749923706055,red
50,11.868749618530273,11.49625015258789,red
51,11.65250015258789,11.601249694824219,red
52,11.800000190734863,11.297499656677246,red
53,11.037500381469727,11.354999542236328,green
54,11.037500381469727,11.354999542236328,green
55,11.037500381469727,11.354999542236328,green
56,11.65999984741211,11.401249885559082,red
57,11.539999961853027,11.289999961853027,red
58,11.297499656677246,10.84375,red
59,10.649999618530273,10.512499809265137,red
60,10.324999809265137,9.912500381469727,red
61,10.324999809265137,9.912500381469727,red
62,10.324999809265137,9.912500381469727,red
63,10.300000190734863,10.204999923706055,red
64,10.00374984741211,10.428750038146973,green
65,10.618749618530273,10.662500381469727,green
66,10.648750305175781,10.838749885559082,green
67,10.75,10.647500038146973,red
68,10.75,10.647500038146973,red
69,10.75,10.647500038146973,red
70,10.795000076293945,10.912500381469727,green
71,11.113750457763672,11.193750381469727,green
72,11.2162504196167,11.011249542236328,red
73,11.082500457763672,10.97249984741211,red
74,10.723750114440918,10.798749923706055,green
75,10.723750114440918,10.798749923706055,green
76,10.723750114440918,10.798749923706055,green
77,10.798749923706055,11.177499771118164,green
78,11.076250076293945,11.133749961853027,green
79,11.051250457763672,10.9037504196167,red
80,10.786250114440918,10.643750190734863,red
81,10.713749885559082,10.672499656677246,red
82,10.713749885559082,10.672499656677246,red
83,10.713749885559082,10.672499656677246,red
84,10.824999809265137,10.848750114440918,green
85,10.970000267028809,11.043749809265137,green
86,10.94124984741211,11.313750267028809,green
87,11.447500228881836,11.632499694824219,green
88,11.447500228881836,11.632499694824219,green
89,11.447500228881836,11.632499694824219,green
90,11.447500228881836,11.632499694824219,green
91,11.447500228881836,11.632499694824219,green
92,11.895000457763672,11.835000038146973,red
93,11.78125,11.7524995803833,red
94,11.918749809265137,12.077500343322754,green
95,12.0287504196167,12.03499984741211,green
96,12.0287504196167,12.03499984741211,green
97,12.0287504196167,12.03499984741211,green
98,12.09375,11.967499732971191,red
99,12.6875,13.0,green
100,13.125,12.954999923706055,red
101,12.9350004196167,13.322500228881836,green
102,13.399999618530273,13.3125,red
103,13.399999618530273,13.3125,red
104,13.399999618530273,13.3125,red
105,13.367500305175781,12.845000267028809,red
106,12.824999809265137,12.47249984741211,red
107,12.5,12.694999694824219,green
108,12.772500038146973,12.720000267028809,red
109,12.300000190734863,12.577500343322754,green
110,12.300000190734863,12.577500343322754,green
111,12.300000190734863,12.577500343322754,green
112,12.587499618530273,12.739999771118164,green
113,12.904999732971191,12.7524995803833,red
114,12.739999771118164,12.642499923706055,red
115,12.77750015258789,12.577500343322754,red
116,12.645000457763672,12.6274995803833,red
117,12.645000457763672,12.6274995803833,red
118,12.645000457763672,12.6274995803833,red
119,12.595000267028809,12.34000015258789,red
120,12.279999732971191,11.712499618530273,red
121,12.074999809265137,12.270000457763672,green
122,12.061249732971191,11.988750457763672,red
123,12.010000228881836,12.241250038146973,green
124,12.010000228881836,12.241250038146973,green
125,12.010000228881836,12.241250038146973,green
126,12.232500076293945,11.84749984741211,red
127,11.686249732971191,11.675000190734863,red
128,11.748749732971191,11.586250305175781,red
129,11.375,11.353750228881836,red
130,11.388750076293945,11.606249809265137,green
131,11.388750076293945,11.606249809265137,green
132,11.388750076293945,11.606249809265137,green
133,11.762499809265137,11.53125,red
134,11.837499618530273,11.636249542236328,red
135,11.388750076293945,11.302499771118164,red
136,11.551250457763672,11.938750267028809,green
137,12.088749885559082,12.25374984741211,green
138,12.088749885559082,12.25374984741211,green
139,12.088749885559082,12.25374984741211,green
140,12.088749885559082,12.25374984741211,green
141,12.949999809265137,12.6850004196167,red
142,12.8725004196167,12.787500381469727,red
143,12.824999809265137,12.8149995803833,red
144,12.7524995803833,13.220000267028809,green
145,12.7524995803833,13.220000267028809,green
146,12.7524995803833,13.220000267028809,green
147,13.345000267028809,13.260000228881836,red
148,13.28499984741211,13.135000228881836,red
149,13.322500228881836,13.7475004196167,green
150,13.807499885559082,13.904999732971191,green
151,13.9975004196167,14.4399995803833,green
152,13.9975004196167,14.4399995803833,green
153,13.9975004196167,14.4399995803833,green
154,14.342499732971191,14.212499618530273,red
155,14.427499771118164,14.232500076293945,red
156,14.3149995803833,14.244999885559082,red
157,14.274999618530273,14.292499542236328,green
158,14.3774995803833,14.630000114440918,green
159,14.3774995803833,14.630000114440918,green
160,14.3774995803833,14.630000114440918,green
161,14.857500076293945,14.727499961853027,red
162,14.90999984741211,14.717499732971191,red
163,14.767499923706055,14.725000381469727,red
164,14.807499885559082,15.697500228881836,green
165,15.947500228881836,16.092500686645508,green
166,15.947500228881836,16.092500686645508,green
167,15.947500228881836,16.092500686645508,green
168,15.72249984741211,15.100000381469727,red
169,15.4975004196167,15.782500267028809,green
170,15.895000457763672,15.899999618530273,green
171,16.104999542236328,16.197500228881836,green
172,16.127500534057617,15.977499961853027,red
173,16.127500534057617,15.977499961853027,red
174,16.127500534057617,15.977499961853027,red
175,16.11750030517578,16.75,green
176,16.84000015258789,16.670000076293945,red
177,16.872499465942383,16.78499984741211,red
178,16.9424991607666,16.950000762939453,green
179,17.165000915527344,17.22249984741211,green
180,17.165000915527344,17.22249984741211,green
181,17.165000915527344,17.22249984741211,green
182,17.354999542236328,17.392499923706055,green
183,17.372499465942383,17.5,green
184,17.592500686645508,17.28499984741211,red
185,17.252500534057617,16.8174991607666,red
186,16.88249969482422,16.829999923706055,red
187,16.88249969482422,16.829999923706055,red
188,16.88249969482422,16.829999923706055,red
189,17.002500534057617,17.1924991607666,green
190,17.325000762939453,17.21500015258789,red
191,17.197500228881836,16.854999542236328,red
192,16.90999984741211,16.485000610351562,red
193,16.002500534057617,15.71500015258789,red
194,16.002500534057617,15.71500015258789,red
195,16.002500534057617,15.71500015258789,red
196,15.449999809265137,16.020000457763672,green
197,16.299999237060547,15.708000183105469,red
198,16.04800033569336,16.503999710083008,green
199,16.54800033569336,16.437999725341797,red
200,16.697999954223633,16.52400016784668,red
201,16.697999954223633,16.52400016784668,red
202,16.697999954223633,16.52400016784668,red
203,16.597999572753906,16.351999282836914,red
204,16.326000213623047,16.016000747680664,red
205,16.280000686645508,16.450000762939453,green
206,16.488000869750977,16.6299991607666,green
207,16.417999267578125,16.38599967956543,red
208,16.417999267578125,16.38599967956543,red
209,16.417999267578125,16.38599967956543,red
210,16.625999450683594,16.694000244140625,green
211,16.676000595092773,16.384000778198242,red
212,16.645999908447266,17.007999420166016,green
213,16.99799919128418,17.356000900268555,green
214,17.41200065612793,17.31800079345703,red
215,17.41200065612793,17.31800079345703,red
216,17.41200065612793,17.31800079345703,red
217,17.32200050354004,17.31800079345703,red
218,17.31800079345703,17.035999298095703,red
219,17.104000091552734,16.676000595092773,red
220,16.73200035095215,17.016000747680664,green
221,16.97800064086914,17.035999298095703,green
222,16.97800064086914,17.035999298095703,green
223,16.97800064086914,17.035999298095703,green
224,17.04800033569336,16.667999267578125,red
225,16.916000366210938,16.66200065612793,red
226,16.66200065612793,16.54800033569336,red
227,16.607999801635742,17.27400016784668,green
228,17.06800079345703,17.474000930786133,green
229,17.06800079345703,17.474000930786133,green
230,17.06800079345703,17.474000930786133,green
231,18.058000564575195,18.464000701904297,green
232,19.01799964904785,18.50200080871582,red
233,18.52400016784668,19.04400062561035,green
234,18.898000717163086,18.722000122070312,red
235,18.736000061035156,19.062000274658203,green
236,18.736000061035156,19.062000274658203,green
237,18.736000061035156,19.062000274658203,green
238,19.479999542236328,19.200000762939453,red
239,19.31800079345703,18.989999771118164,red
240,19.049999237060547,19.011999130249023,red
241,19.007999420166016,19.040000915527344,green
242,18.917999267578125,19.24799919128418,green
243,18.917999267578125,19.24799919128418,green
244,18.917999267578125,19.24799919128418,green
245,19.350000381469727,19.426000595092773,green
246,19.423999786376953,19.214000701904297,red
247,19.20599937438965,18.739999771118164,red
248,18.736000061035156,18.892000198364258,green
249,18.70599937438965,18.926000595092773,green
250,18.70599937438965,18.926000595092773,green
251,18.70599937438965,18.926000595092773,green
252,19.139999389648438,18.72800064086914,red
253,18.739999771118164,18.878000259399414,green
254,19.025999069213867,18.648000717163086,red
255,19.0,18.70800018310547,red
256,18.757999420166016,18.746000289916992,red
257,18.757999420166016,18.746000289916992,red
258,18.757999420166016,18.746000289916992,red
259,18.416000366210938,18.0,red
260,18.101999282836914,18.194000244140625,green
261,18.195999145507812,18.479999542236328,green
262,18.77400016784668,18.974000930786133,green
263,19.097999572753906,18.670000076293945,red
264,19.097999572753906,18.670000076293945,red
265,19.097999572753906,18.670000076293945,red
266,19.00200080871582,18.445999145507812,red
267,18.299999237060547,17.799999237060547,red
268,17.833999633789062,17.70599937438965,red
269,17.950000762939453,17.99799919128418,green
270,17.802000045776367,17.70199966430664,red
271,17.802000045776367,17.70199966430664,red
272,17.802000045776367,17.70199966430664,red
273,17.658000946044922,17.073999404907227,red
274,17.04599952697754,17.600000381469727,green
275,17.50200080871582,17.743999481201172,green
276,18.389999389648438,18.33799934387207,red
277,18.31999969482422,18.1299991607666,red
278,18.31999969482422,18.1299991607666,red
279,18.31999969482422,18.1299991607666,red
280,17.86199951171875,18.1200008392334,green
281,17.52400016784668,17.961999893188477,green
282,17.961999893188477,17.93400001525879,red
283,18.197999954223633,18.573999404907227,green
284,18.77400016784668,18.833999633789062,green
285,18.77400016784668,18.833999633789062,green
286,18.77400016784668,18.833999633789062,green
287,18.790000915527344,19.06999969482422,green
288,19.11400032043457,19.13599967956543,green
289,19.106000900268555,19.035999298095703,red
290,18.899999618530273,19.26799964904785,green
291,19.399999618530273,19.558000564575195,green
292,19.399999618530273,19.558000564575195,green
293,19.399999618530273,19.558000564575195,green
294,19.67799949645996,19.81800079345703,green
295,20.315000534057617,21.354999542236328,green
296,21.354999542236328,21.44499969482422,green
297,21.104999542236328,21.114999771118164,green
298,21.385000228881836,21.979999542236328,green
299,21.385000228881836,21.979999542236328,green
300,21.385000228881836,21.979999542236328,green
301,22.299999237060547,22.270000457763672,red
302,22.31999969482422,22.895000457763672,green
303,22.96500015258789,22.825000762939453,red
304,23.219999313354492,25.450000762939453,green
305,26.235000610351562,26.40999984741211,green
306,26.235000610351562,26.40999984741211,green
307,26.235000610351562,26.40999984741211,green
308,26.084999084472656,26.65999984741211,green
309,26.860000610351562,27.190000534057617,green
310,26.450000762939453,25.954999923706055,red
311,26.104999542236328,26.274999618530273,green
312,26.895000457763672,26.68000030517578,red
313,26.895000457763672,26.68000030517578,red
314,26.895000457763672,26.68000030517578,red
315,26.6299991607666,26.21500015258789,red
316,26.295000076293945,26.719999313354492,green
317,26.895000457763672,26.579999923706055,red
318,27.165000915527344,28.450000762939453,green
319,28.5049991607666,28.799999237060547,green
320,28.5049991607666,28.799999237060547,green
321,28.5049991607666,28.799999237060547,green
322,29.94499969482422,29.579999923706055,red
323,28.0,27.864999771118164,red
324,28.415000915527344,28.864999771118164,green
325,29.475000381469727,29.475000381469727,green
326,28.5049991607666,27.989999771118164,red
327,28.5049991607666,27.989999771118164,red
328,28.5049991607666,27.989999771118164,red
329,28.5049991607666,28.954999923706055,green
330,29.170000076293945,28.389999389648438,red
331,29.295000076293945,29.280000686645508,red
332,28.225000381469727,28.170000076293945,red
333,28.55500030517578,27.165000915527344,red
334,28.55500030517578,27.165000915527344,red
335,28.55500030517578,27.165000915527344,red
336,27.334999084472656,26.030000686645508,red
337,26.030000686645508,26.030000686645508,green
338,28.5,28.329999923706055,red
339,28.295000076293945,28.010000228881836,red
340,27.065000534057617,26.604999542236328,red
341,27.065000534057617,26.604999542236328,red
342,27.065000534057617,26.604999542236328,red
343,26.940000534057617,25.719999313354492,red
344,25.274999618530273,24.844999313354492,red
345,25.229999542236328,25.375,green
346,27.479999542236328,25.424999237060547,red
347,25.104999542236328,25.219999313354492,green
348,25.104999542236328,25.219999313354492,green
349,25.104999542236328,25.219999313354492,green
350,23.899999618530273,24.264999389648438,green
351,25.0,24.780000686645508,red
352,25.600000381469727,25.969999313354492,green
353,26.024999618530273,26.56999969482422,green
354,26.024999618530273,26.56999969482422,green
355,26.024999618530273,26.56999969482422,green
356,26.024999618530273,26.56999969482422,green
357,26.604999542236328,27.149999618530273,green
358,27.459999084472656,26.684999465942383,red
359,27.05500030517578,26.190000534057617,red
360,26.405000686645508,26.479999542236328,green
361,26.405000686645508,26.479999542236328,green
362,26.405000686645508,26.479999542236328,green
363,26.405000686645508,26.479999542236328,green
364,26.270000457763672,26.905000686645508,green
365,26.854999542236328,25.5049991607666,red
366,25.704999923706055,25.190000534057617,red
367,24.5049991607666,24.704999923706055,green
368,25.045000076293945,24.235000610351562,red
369,25.045000076293945,24.235000610351562,red
370,25.045000076293945,24.235000610351562,red
371,24.135000228881836,23.104999542236328,red
372,24.329999923706055,24.405000686645508,green
373,24.559999465942383,24.475000381469727,red
374,24.5,23.829999923706055,red
375,23.344999313354492,23.645000457763672,green
376,23.344999313354492,23.645000457763672,green
377,23.344999313354492,23.645000457763672,green
378,23.5,23.5,green
379,23.315000534057617,23.1299991607666,red
380,22.364999771118164,22.280000686645508,red
381,22.170000076293945,22.43000030517578,green
382,20.899999618530273,21.530000686645508,green
383,20.899999618530273,21.530000686645508,green
384,20.899999618530273,21.530000686645508,green
385,20.690000534057617,19.309999465942383,red
386,19.899999618530273,19.760000228881836,red
387,19.940000534057617,20.510000228881836,green
388,20.295000076293945,20.18000030517578,red
389,19.988000869750977,19.974000930786133,red
390,19.988000869750977,19.974000930786133,red
391,19.988000869750977,19.974000930786133,red
392,20.770000457763672,21.344999313354492,green
393,22.19499969482422,21.760000228881836,red
394,23.0,21.889999389648438,red
395,21.780000686645508,21.520000457763672,red
396,21.549999237060547,21.09000015258789,red
397,21.549999237060547,21.09000015258789,red
398,21.549999237060547,21.09000015258789,red
399,21.399999618530273,21.55500030517578,green
400,21.770000457763672,21.760000228881836,red
401,22.2450008392334,22.969999313354492,green
402,23.454999923706055,22.954999923706055,red
403,22.350000381469727,21.850000381469727,red
404,22.350000381469727,21.850000381469727,red
405,22.350000381469727,21.850000381469727,red
406,20.940000534057617,21.924999237060547,green
407,21.895000457763672,23.030000686645508,green
408,23.454999923706055,23.020000457763672,red
409,22.889999389648438,21.81999969482422,red
410,21.809999465942383,20.700000762939453,red
411,21.809999465942383,20.700000762939453,red
412,21.809999465942383,20.700000762939453,red
413,20.9950008392334,20.344999313354492,red
414,19.549999237060547,20.600000381469727,green
415,21.09000015258789,20.5,red
416,18.875999450683594,20.125,green
417,20.625,21.459999084472656,green
418,20.625,21.459999084472656,green
419,20.625,21.459999084472656,green
420,21.139999389648438,21.829999923706055,green
421,22.0,21.235000610351562,red
422,21.065000534057617,21.6200008392334,green
423,21.825000762939453,21.520000457763672,red
424,21.389999389648438,20.895000457763672,red
425,21.389999389648438,20.895000457763672,red
426,21.389999389648438,20.895000457763672,red
427,20.299999237060547,20.21500015258789,red
428,19.63800048828125,19.40999984741211,red
429,20.299999237060547,20.489999771118164,green
430,20.80500030517578,19.986000061035156,red
431,20.5,20.364999771118164,red
432,20.5,20.364999771118164,red
433,20.5,20.364999771118164,red
434,20.274999618530273,19.51799964904785,red
435,19.399999618530273,20.764999389648438,green
436,21.434999465942383,22.014999389648438,green
437,22.28499984741211,21.850000381469727,red
438,22.209999084472656,23.55500030517578,green
439,22.209999084472656,23.55500030517578,green
440,22.209999084472656,23.55500030517578,green
441,23.80500030517578,23.899999618530273,green
442,24.44499969482422,24.30500030517578,red
443,24.03499984741211,23.959999084472656,red
444,23.665000915527344,25.200000762939453,green
445,25.584999084472656,25.149999618530273,red
446,25.584999084472656,25.149999618530273,red
447,25.584999084472656,25.149999618530273,red
448,25.264999389648438,25.03499984741211,red
449,25.69499969482422,25.43000030517578,red
450,25.575000762939453,25.190000534057617,red
451,25.0049991607666,25.290000915527344,green
452,24.93000030517578,24.135000228881836,red
453,24.93000030517578,24.135000228881836,red
454,24.93000030517578,24.135000228881836,red
455,24.34000015258789,24.924999237060547,green
456,24.979999542236328,24.094999313354492,red
457,24.0049991607666,22.325000762939453,red
458,22.459999084472656,22.0049991607666,red
459,22.524999618530273,21.405000686645508,red
460,22.524999618530273,21.405000686645508,red
461,22.524999618530273,21.405000686645508,red
462,20.860000610351562,20.139999389648438,red
463,20.010000228881836,20.309999465942383,green
464,20.200000762939453,20.385000228881836,green
465,20.700000762939453,20.139999389648438,red
466,20.700000762939453,20.139999389648438,red
467,20.700000762939453,20.139999389648438,red
468,20.700000762939453,20.139999389648438,red
469,20.700000762939453,20.139999389648438,red
470,20.475000381469727,20.565000534057617,green
471,20.2450008392334,19.81800079345703,red
472,19.81800079345703,19.81800079345703,green
473,18.947999954223633,18.652000427246094,red
474,18.947999954223633,18.652000427246094,red
475,18.947999954223633,18.652000427246094,red
476,17.875999450683594,18.20599937438965,green
477,18.604000091552734,17.652000427246094,red
478,17.652000427246094,17.652000427246094,green
479,17.99799919128418,18.04800033569336,green
480,18.5,18.4060001373291,red
481,18.5,18.4060001373291,red
482,18.5,18.4060001373291,red
483,17.81599998474121,18.035999298095703,green
484,18.54599952697754,18.423999786376953,red
485,18.945999145507812,17.826000213623047,red
486,19.118000030517578,17.93199920654297,red
487,17.93199920654297,17.93199920654297,green
488,17.93199920654297,17.93199920654297,green
489,17.93199920654297,17.93199920654297,green
490,17.479999542236328,16.464000701904297,red
491,16.469999313354492,16.304000854492188,red
492,16.878000259399414,16.398000717163086,red
493,15.633999824523926,15.694000244140625,green
494,15.694000244140625,15.694000244140625,green
495,15.694000244140625,15.694000244140625,green
496,15.694000244140625,15.694000244140625,green
497,16.881999969482422,16.59600067138672,red
498,16.780000686645508,17.18600082397461,green
499,17.224000930786133,16.61199951171875,red
500,16.0,16.535999298095703,green
501,16.393999099731445,15.51200008392334,red
502,16.393999099731445,15.51200008392334,red
503,16.393999099731445,15.51200008392334,red
504,16.118000030517578,15.678000450134277,red
505,15.404000282287598,14.96399974822998,red
506,14.96399974822998,14.96399974822998,green
507,14.899999618530273,16.327999114990234,green
508,16.327999114990234,16.327999114990234,green
509,16.327999114990234,16.327999114990234,green
510,16.327999114990234,16.327999114990234,green
511,16.327999114990234,16.327999114990234,green
512,17.68000030517578,17.447999954223633,red
513,17.489999771118164,17.36400032043457,red
514,17.36400032043457,17.36400032043457,green
515,18.200000762939453,17.47800064086914,red
516,18.200000762939453,17.47800064086914,red
517,18.200000762939453,17.47800064086914,red
518,17.697999954223633,17.615999221801758,red
519,17.468000411987305,17.440000534057617,red
520,17.625999450683594,17.621999740600586,red
521,17.3799991607666,17.464000701904297,green
522,17.101999282836914,16.06599998474121,red
523,17.101999282836914,16.06599998474121,red
524,17.101999282836914,16.06599998474121,red
525,15.592000007629395,15.211999893188477,red
526,15.321999549865723,15.206000328063965,red
527,15.270000457763672,15.571999549865723,green
528,15.600000381469727,14.899999618530273,red
529,14.95199966430664,14.998000144958496,green
530,14.95199966430664,14.998000144958496,green
531,14.95199966430664,14.998000144958496,green
532,15.184000015258789,15.281999588012695,green
533,15.4399995803833,16.055999755859375,green
534,15.479999542236328,15.618000030517578,green
535,15.468000411987305,15.458000183105469,red
536,15.588000297546387,15.944000244140625,green
537,15.588000297546387,15.944000244140625,green
538,15.588000297546387,15.944000244140625,green
539,16.280000686645508,16.076000213623047,red
540,16.09000015258789,15.513999938964844,red
541,15.079999923706055,14.855999946594238,red
542,14.600000381469727,14.675999641418457,green
543,14.270000457763672,14.140000343322754,red
544,14.270000457763672,14.140000343322754,red
545,14.270000457763672,14.140000343322754,red
546,13.788000106811523,13.829999923706055,green
547,14.031999588012695,14.185999870300293,green
548,14.545999526977539,14.711999893188477,green
549,14.979999542236328,15.359999656677246,green
550,15.4399995803833,15.6899995803833,green
551,15.4399995803833,15.6899995803833,green
552,15.4399995803833,15.6899995803833,green
553,15.406000137329102,15.083999633789062,red
554,15.083999633789062,15.083999633789062,green
555,15.043999671936035,15.017999649047852,red
556,15.010000228881836,14.906000137329102,red
557,15.399999618530273,15.473999977111816,green
558,15.399999618530273,15.473999977111816,green
559,15.399999618530273,15.473999977111816,green
560,15.86400032043457,16.351999282836914,green
561,15.949999809265137,16.350000381469727,green
562,16.634000778198242,17.445999145507812,green
563,17.290000915527344,17.58799934387207,green
564,17.360000610351562,16.974000930786133,red
565,17.360000610351562,16.974000930786133,red
566,17.360000610351562,16.974000930786133,red
567,16.99799919128418,16.483999252319336,red
568,16.59600067138672,16.399999618530273,red
569,16.600000381469727,17.121999740600586,green
570,17.389999389648438,17.61199951171875,green
571,17.757999420166016,17.479999542236328,red
572,17.757999420166016,17.479999542236328,red
573,17.757999420166016,17.479999542236328,red
574,17.729999542236328,18.052000045776367,green
575,17.989999771118164,18.101999282836914,green
576,17.97800064086914,18.256000518798828,green
577,18.5,18.45400047302246,red
578,18.760000228881836,18.437999725341797,red
579,18.760000228881836,18.437999725341797,red
580,18.760000228881836,18.437999725341797,red
581,18.875999450683594,17.11199951171875,red
582,17.288000106811523,16.6560001373291,red
583,16.549999237060547,17.22599983215332,green
584,17.586000442504883,17.75200080871582,green
585,17.493999481201172,17.992000579833984,green
586,17.493999481201172,17.992000579833984,green
587,17.493999481201172,17.992000579833984,green
588,18.200000762939453,18.474000930786133,green
589,18.690000534057617,18.530000686645508,red
590,18.450000762939453,17.926000595092773,red
591,17.84000015258789,18.559999465942383,green
592,18.440000534057617,17.802000045776367,red
593,18.440000534057617,17.802000045776367,red
594,18.440000534057617,17.802000045776367,red
595,17.426000595092773,17.34000015258789,red
596,17.07200050354004,17.309999465942383,green
597,17.20599937438965,17.333999633789062,green
598,16.54199981689453,17.761999130249023,green
599,17.8799991607666,16.88800048828125,red
600,17.8799991607666,16.88800048828125,red
601,17.8799991607666,16.88800048828125,red
602,16.166000366210938,15.890000343322754,red
603,15.925999641418457,15.46399974822998,red
604,15.600000381469727,15.001999855041504,red
605,14.152000427246094,13.5,red
606,13.930000305175781,13.906000137329102,red
607,13.930000305175781,13.906000137329102,red
608,13.930000305175781,13.906000137329102,red
609,13.779999732971191,13.776000022888184,red
610,13.79800033569336,13.751999855041504,red
611,13.510000228881836,13.586000442504883,green
612,13.739999771118164,13.984000205993652,green
613,13.989999771118164,14.331999778747559,green
614,13.989999771118164,14.331999778747559,green
615,13.989999771118164,14.331999778747559,green
616,14.378000259399414,14.168000221252441,red
617,14.420000076293945,13.432000160217285,red
618,13.220000267028809,13.097999572753906,red
619,13.248000144958496,12.947999954223633,red
620,12.720000267028809,12.815999984741211,green
621,12.720000267028809,12.815999984741211,green
622,12.720000267028809,12.815999984741211,green
623,13.097999572753906,13.204000473022461,green
624,13.407999992370605,13.411999702453613,green
625,13.289999961853027,13.65999984741211,green
626,13.260000228881836,12.82800006866455,red
627,12.699999809265137,12.76200008392334,green
628,12.699999809265137,12.76200008392334,green
629,12.699999809265137,12.76200008392334,green
630,12.800000190734863,12.881999969482422,green
631,12.859999656677246,13.02400016784668,green
632,12.819999694824219,13.119999885559082,green
633,13.038000106811523,12.449999809265137,red
634,12.479999542236328,12.819999694824219,green
635,12.479999542236328,12.819999694824219,green
636,12.479999542236328,12.819999694824219,green
637,12.435999870300293,12.75,green
638,12.92199993133545,13.199999809265137,green
639,13.180000305175781,12.98799991607666,red
640,13.40999984741211,13.54800033569336,green
641,12.998000144958496,12.562000274658203,red
642,12.998000144958496,12.562000274658203,red
643,12.998000144958496,12.562000274658203,red
644,12.300000190734863,11.944000244140625,red
645,11.765999794006348,11.904000282287598,green
646,12.100000381469727,11.855999946594238,red
647,11.800000190734863,12.079999923706055,green
648,12.342000007629395,11.685999870300293,red
649,12.342000007629395,11.685999870300293,red
650,12.342000007629395,11.685999870300293,red
651,11.697999954223633,12.052000045776367,green
652,12.444000244140625,11.907999992370605,red
653,12.246000289916992,12.345999717712402,green
654,12.182000160217285,12.814000129699707,green
655,12.263999938964844,12.416000366210938,green
656,12.263999938964844,12.416000366210938,green
657,12.263999938964844,12.416000366210938,green
658,12.819999694824219,12.59000015258789,red
659,12.819999694824219,13.223999977111816,green
660,13.069999694824219,13.229999542236328,green
661,13.20199966430664,13.399999618530273,green
662,13.064000129699707,13.612000465393066,green
663,13.064000129699707,13.612000465393066,green
664,13.064000129699707,13.612000465393066,green
665,13.855999946594238,13.63599967956543,red
666,13.807999610900879,13.887999534606934,green
667,13.895999908447266,13.944000244140625,green
668,13.442000389099121,13.805999755859375,green
669,13.880000114440918,14.045999526977539,green
670,13.880000114440918,14.045999526977539,green
671,13.880000114440918,14.045999526977539,green
672,14.246000289916992,14.20199966430664,red
673,14.447999954223633,14.640000343322754,green
674,14.562000274658203,13.880000114440918,red
675,13.821999549865723,14.9399995803833,green
676,15.380000114440918,15.300000190734863,red
677,15.380000114440918,15.300000190734863,red
678,15.380000114440918,15.300000190734863,red
679,15.692000389099121,15.821999549865723,green
680,15.942000389099121,16.173999786376953,green
681,15.98799991607666,15.592000007629395,red
682,15.770000457763672,15.37600040435791,red
683,15.239999771118164,14.907999992370605,red
684,15.239999771118164,14.907999992370605,red
685,15.239999771118164,14.907999992370605,red
686,14.871999740600586,14.984000205993652,green
687,14.881999969482422,15.35200023651123,green
688,15.520000457763672,15.76200008392334,green
689,15.944000244140625,15.88599967956543,red
690,15.916000366210938,15.699999809265137,red
691,15.916000366210938,15.699999809265137,red
692,15.916000366210938,15.699999809265137,red
693,15.539999961853027,15.479999542236328,red
694,15.366000175476074,15.10200023651123,red
695,15.088000297546387,15.371999740600586,green
696,16.229999542236328,16.253999710083008,green
697,16.145999908447266,15.887999534606934,red
698,16.145999908447266,15.887999534606934,red
699,16.145999908447266,15.887999534606934,red
700,15.923999786376953,15.965999603271484,green
701,15.763999938964844,15.315999984741211,red
702,15.218000411987305,15.09000015258789,red
703,15.34000015258789,15.814000129699707,green
704,16.281999588012695,16.577999114990234,green
705,16.281999588012695,16.577999114990234,green
706,16.281999588012695,16.577999114990234,green
707,16.158000946044922,16.211999893188477,green
708,16.70199966430664,17.195999145507812,green
709,17.006000518798828,16.865999221801758,red
710,16.43000030517578,15.850000381469727,red
711,15.8100004196167,15.649999618530273,red
712,15.8100004196167,15.649999618530273,red
713,15.8100004196167,15.649999618530273,red
714,15.600000381469727,15.315999984741211,red
715,15.095999717712402,15.12399959564209,green
716,15.289999961853027,15.522000312805176,green
717,15.54800033569336,14.368000030517578,red
718,14.461999893188477,14.288000106811523,red
719,14.461999893188477,14.288000106811523,red
720,14.461999893188477,14.288000106811523,red
721,14.461999893188477,14.288000106811523,red
722,14.368000030517578,13.64799976348877,red
723,13.22599983215332,13.206000328063965,red
724,13.20199966430664,13.67199993133545,green
725,13.657999992370605,13.442000389099121,red
726,13.657999992370605,13.442000389099121,red
727,13.657999992370605,13.442000389099121,red
728,13.75,13.802000045776367,green
729,13.906000137329102,13.411999702453613,red
730,13.54800033569336,13.894000053405762,green
731,13.89799976348877,13.529999732971191,red
732,13.618000030517578,13.800000190734863,green
733,13.618000030517578,13.800000190734863,green
734,13.618000030517578,13.800000190734863,green
735,14.041999816894531,14.859999656677246,green
736,14.529999732971191,14.564000129699707,green
737,14.763999938964844,14.60200023651123,red
738,14.812000274658203,14.763999938964844,red
739,15.208000183105469,15.343999862670898,green
740,15.208000183105469,15.343999862670898,green
741,15.208000183105469,15.343999862670898,green
742,15.619999885559082,15.581999778747559,red
743,15.618000030517578,16.124000549316406,green
744,16.392000198364258,16.052000045776367,red
745,15.968000411987305,15.62399959564209,red
746,15.727999687194824,15.947999954223633,green
747,15.727999687194824,15.947999954223633,green
748,15.727999687194824,15.947999954223633,green
749,16.51799964904785,17.378000259399414,green
750,17.61199951171875,17.6560001373291,green
751,17.624000549316406,17.332000732421875,red
752,17.860000610351562,17.857999801635742,red
753,17.857999801635742,17.857999801635742,green
754,17.857999801635742,17.857999801635742,green
755,17.857999801635742,17.857999801635742,green
756,18.600000381469727,18.08799934387207,red
757,17.510000228881836,17.964000701904297,green
758,17.850000381469727,18.40999984741211,green
759,18.902000427246094,19.552000045776367,green
760,19.398000717163086,19.95599937438965,green
761,19.398000717163086,19.95599937438965,green
762,19.398000717163086,19.95599937438965,green
763,19.43000030517578,20.03499984741211,green
764,19.718000411987305,20.225000381469727,green
765,20.80500030517578,20.774999618530273,red
766,20.795000076293945,21.260000228881836,green
767,20.81999969482422,19.856000900268555,red
768,20.81999969482422,19.856000900268555,red
769,20.81999969482422,19.856000900268555,red
770,19.812000274658203,20.3799991607666,green
771,20.295000076293945,20.920000076293945,green
772,21.104999542236328,21.030000686645508,red
773,21.229999542236328,20.8700008392334,red
774,20.225000381469727,19.81599998474121,red
775,20.225000381469727,19.81599998474121,red
776,20.225000381469727,19.81599998474121,red
777,20.0049991607666,20.15999984741211,green
778,19.983999252319336,19.65999984741211,red
779,19.399999618530273,19.552000045776367,green
780,21.149999618530273,22.020000457763672,green
781,22.100000381469727,21.934999465942383,red
782,22.100000381469727,21.934999465942383,red
783,22.100000381469727,21.934999465942383,red
784,22.104999542236328,22.315000534057617,green
785,22.184999465942383,22.104999542236328,red
786,21.690000534057617,21.135000228881836,red
787,21.084999084472656,21.40999984741211,green
788,21.954999923706055,21.895000457763672,red
789,21.954999923706055,21.895000457763672,red
790,21.954999923706055,21.895000457763672,red
791,22.469999313354492,22.545000076293945,green
792,22.145000457763672,22.5,green
793,22.155000686645508,22.485000610351562,green
794,22.834999084472656,22.825000762939453,red
795,22.100000381469727,22.145000457763672,green
796,22.100000381469727,22.145000457763672,green
797,22.100000381469727,22.145000457763672,green
798,21.834999084472656,21.350000381469727,red
799,21.559999465942383,22.530000686645508,green
800,22.479999542236328,22.315000534057617,red
801,22.989999771118164,23.684999465942383,green
802,24.204999923706055,24.34000015258789,green
803,24.204999923706055,24.34000015258789,green
804,24.204999923706055,24.34000015258789,green
805,23.975000381469727,23.975000381469727,green
806,24.2549991607666,23.969999313354492,red
807,24.280000686645508,25.0049991607666,green
808,24.829999923706055,25.1200008392334,green
809,25.309999465942383,24.655000686645508,red
810,25.309999465942383,24.655000686645508,red
811,25.309999465942383,24.655000686645508,red
812,24.985000610351562,24.739999771118164,red
813,24.704999923706055,24.204999923706055,red
814,24.594999313354492,24.760000228881836,green
815,24.940000534057617,25.104999542236328,green
816,25.204999923706055,25.2450008392334,green
817,25.204999923706055,25.2450008392334,green
818,25.204999923706055,25.2450008392334,green
819,25.485000610351562,25.34000015258789,red
820,25.44499969482422,25.2549991607666,red
821,25.114999771118164,24.405000686645508,red
822,24.40999984741211,24.6299991607666,green
823,24.40999984741211,24.6299991607666,green
824,24.40999984741211,24.6299991607666,green
825,24.40999984741211,24.6299991607666,green
826,24.40999984741211,24.6299991607666,green
827,25.350000381469727,25.020000457763672,red
828,24.844999313354492,24.344999313354492,red
829,24.225000381469727,24.059999465942383,red
830,23.94499969482422,24.225000381469727,green
831,23.94499969482422,24.225000381469727,green
832,23.94499969482422,24.225000381469727,green
833,24.360000610351562,24.375,green
834,24.90999984741211,25.399999618530273,green
835,25.184999465942383,25.2549991607666,green
836,25.360000610351562,25.09000015258789,red
837,24.854999542236328,24.690000534057617,red
838,24.854999542236328,24.690000534057617,red
839,24.854999542236328,24.690000534057617,red
840,24.524999618530273,24.385000228881836,red
841,24.299999237060547,24.28499984741211,red
842,24.424999237060547,24.6200008392334,green
843,24.56999969482422,24.334999084472656,red
844,24.584999084472656,24.825000762939453,green
845,24.584999084472656,24.825000762939453,green
846,24.584999084472656,24.825000762939453,green
847,24.584999084472656,24.825000762939453,green
848,26.075000762939453,25.729999542236328,red
849,25.350000381469727,25.09000015258789,red
850,25.125,25.174999237060547,green
851,25.049999237060547,25.790000915527344,green
852,25.049999237060547,25.790000915527344,green
853,25.049999237060547,25.790000915527344,green
854,26.0,26.190000534057617,green
855,26.399999618530273,26.059999465942383,red
856,25.934999465942383,26.364999771118164,green
857,26.405000686645508,26.190000534057617,red
858,26.229999542236328,25.975000381469727,red
859,26.229999542236328,25.975000381469727,red
860,26.229999542236328,25.975000381469727,red
861,26.104999542236328,26.399999618530273,green
862,26.520000457763672,27.139999389648438,green
863,27.1299991607666,27.43000030517578,green
864,27.954999923706055,29.295000076293945,green
865,29.350000381469727,28.770000457763672,red
866,29.350000381469727,28.770000457763672,red
867,29.350000381469727,28.770000457763672,red
868,28.854999542236328,28.959999084472656,green
869,28.94499969482422,28.739999771118164,red
870,28.30500030517578,27.90999984741211,red
871,34.57500076293945,36.290000915527344,green
872,35.189998626708984,36.02000045776367,green
873,35.189998626708984,36.02000045776367,green
874,35.189998626708984,36.02000045776367,green
875,36.560001373291016,36.779998779296875,green
876,36.900001525878906,38.35499954223633,green
877,37.0,36.20500183105469,red
878,35.73500061035156,36.540000915527344,green
879,37.31999969482422,37.0,red
880,37.31999969482422,37.0,red
881,37.31999969482422,37.0,red
882,36.599998474121094,36.709999084472656,green
883,36.439998626708984,36.35499954223633,red
884,36.05500030517578,36.14500045776367,green
885,34.654998779296875,35.7400016784668,green
886,35.959999084472656,36.30500030517578,green
887,35.959999084472656,36.30500030517578,green
888,35.959999084472656,36.30500030517578,green
889,36.48500061035156,36.220001220703125,red
890,36.814998626708984,37.67499923706055,green
891,38.279998779296875,38.79499816894531,green
892,39.685001373291016,39.16999816894531,red
893,38.95500183105469,39.584999084472656,green
894,38.95500183105469,39.584999084472656,green
895,38.95500183105469,39.584999084472656,green
896,39.20000076293945,38.8849983215332,red
897,38.73500061035156,39.5,green
898,39.95000076293945,38.869998931884766,red
899,38.599998474121094,39.380001068115234,green
900,39.060001373291016,38.79999923706055,red
901,39.060001373291016,38.79999923706055,red
902,39.060001373291016,38.79999923706055,red
903,38.79999923706055,37.96500015258789,red
904,37.29999923706055,37.43000030517578,green
905,37.20000076293945,38.09000015258789,green
906,37.70500183105469,37.79999923706055,green
907,37.81999969482422,38.6150016784668,green
908,37.81999969482422,38.6150016784668,green
909,37.81999969482422,38.6150016784668,green
910,39.189998626708984,38.90999984741211,red
911,38.89500045776367,39.0099983215332,green
912,39.154998779296875,39.130001068115234,red
913,38.7599983215332,38.314998626708984,red
914,38.6349983215332,39.04499816894531,green
915,38.6349983215332,39.04499816894531,green
916,38.6349983215332,39.04499816894531,green
917,38.60499954223633,38.31999969482422,red
918,38.57500076293945,38.48500061035156,red
919,38.45500183105469,39.099998474121094,green
920,39.69499969482422,40.04499816894531,green
921,41.310001373291016,42.119998931884766,green
922,41.310001373291016,42.119998931884766,green
923,41.310001373291016,42.119998931884766,green
924,40.814998626708984,40.69499969482422,red
925,41.41999816894531,41.025001525878906,red
926,42.415000915527344,42.404998779296875,red
927,41.5099983215332,41.56999969482422,green
928,40.595001220703125,40.29999923706055,red
929,40.595001220703125,40.29999923706055,red
930,40.595001220703125,40.29999923706055,red
931,39.81999969482422,40.560001373291016,green
932,40.55500030517578,41.53499984741211,green
933,41.60499954223633,40.64500045776367,red
934,41.47999954223633,42.65999984741211,green
935,42.45000076293945,42.5,green
936,42.45000076293945,42.5,green
937,42.45000076293945,42.5,green
938,42.459999084472656,42.334999084472656,red
939,42.599998474121094,42.525001525878906,red
940,41.70000076293945,40.58000183105469,red
941,40.400001525878906,40.92499923706055,green
942,41.04999923706055,40.94499969482422,red
943,41.04999923706055,40.94499969482422,red
944,41.04999923706055,40.94499969482422,red
945,40.904998779296875,40.81999969482422,red
946,41.064998626708984,40.959999084472656,red
947,40.77000045776367,38.810001373291016,red
948,38.8650016784668,38.720001220703125,red
949,38.599998474121094,37.23500061035156,red
950,38.599998474121094,37.23500061035156,red
951,38.599998474121094,37.23500061035156,red
952,37.150001525878906,39.125,green
953,40.935001373291016,40.75,red
954,40.27000045776367,40.474998474121094,green
955,40.125,39.834999084472656,red
956,39.834999084472656,39.025001525878906,red
957,39.834999084472656,39.025001525878906,red
958,39.834999084472656,39.025001525878906,red
959,40.150001525878906,41.625,green
960,43.334999084472656,42.474998474121094,red
961,42.349998474121094,42.91999816894531,green
962,46.8650016784668,44.279998779296875,red
963,43.6349983215332,42.3849983215332,red
964,43.6349983215332,42.3849983215332,red
965,43.6349983215332,42.3849983215332,red
966,43.099998474121094,42.48500061035156,red
967,43.400001525878906,44.79999923706055,green
968,44.915000915527344,45.26499938964844,green
969,45.29999923706055,45.630001068115234,green
970,45.505001068115234,44.915000915527344,red
971,45.505001068115234,44.915000915527344,red
972,45.505001068115234,44.915000915527344,red
973,45.095001220703125,45.04999923706055,red
974,45.08000183105469,45.13999938964844,green
975,45.095001220703125,43.81999969482422,red
976,43.380001068115234,42.709999084472656,red
977,43.3849983215332,42.67499923706055,red
978,43.3849983215332,42.67499923706055,red
979,43.3849983215332,42.67499923706055,red
980,42.58000183105469,41.599998474121094,red
981,42.029998779296875,42.28499984741211,green
982,41.6349983215332,42.4900016784668,green
983,42.849998474121094,42.86000061035156,green
984,42.91999816894531,41.47999954223633,red
985,42.91999816894531,41.47999954223633,red
986,42.91999816894531,41.47999954223633,red
987,41.25,40.89500045776367,red
988,40.994998931884766,40.55500030517578,red
989,40.7599983215332,40.4900016784668,red
990,39.29999923706055,38.98500061035156,red
991,38.63999938964844,39.3650016784668,green
992,38.63999938964844,39.3650016784668,green
993,38.63999938964844,39.3650016784668,green
994,39.244998931884766,39.95500183105469,green
995,39.505001068115234,39.880001068115234,green
996,39.85499954223633,40.06999969482422,green
997,40.505001068115234,40.71500015258789,green
998,41.029998779296875,41.345001220703125,green
999,41.029998779296875,41.345001220703125,green
1000,41.029998779296875,41.345001220703125,green
1001,41.7599983215332,42.84000015258789,green
1002,42.79999923706055,41.880001068115234,red
1003,40.900001525878906,41.775001525878906,green
1004,41.83000183105469,42.084999084472656,green
1005,42.29499816894531,42.67499923706055,green
1006,42.29499816894531,42.67499923706055,green
1007,42.29499816894531,42.67499923706055,green
1008,42.6150016784668,42.2599983215332,red
1009,42.849998474121094,43.435001373291016,green
1010,43.439998626708984,43.71500015258789,green
1011,44.34000015258789,44.75,green
1012,44.314998626708984,44.029998779296875,red
1013,44.314998626708984,44.029998779296875,red
1014,44.314998626708984,44.029998779296875,red
1015,43.13999938964844,43.79499816894531,green
1016,43.72999954223633,41.875,red
1017,40.959999084472656,40.310001373291016,red
1018,39.849998474121094,40.54999923706055,green
1019,39.32500076293945,39.025001525878906,red
1020,39.32500076293945,39.025001525878906,red
1021,39.32500076293945,39.025001525878906,red
1022,39.17499923706055,39.974998474121094,green
1023,40.845001220703125,40.650001525878906,red
1024,40.8849983215332,40.48500061035156,red
1025,38.77000045776367,38.380001068115234,red
1026,38.7599983215332,38.584999084472656,red
1027,38.7599983215332,38.584999084472656,red
1028,38.7599983215332,38.584999084472656,red
1029,38.775001525878906,38.4900016784668,red
1030,38.28499984741211,37.9900016784668,red
1031,38.505001068115234,39.630001068115234,green
1032,40.625,40.67499923706055,green
1033,40.755001068115234,41.744998931884766,green
1034,40.755001068115234,41.744998931884766,green
1035,40.755001068115234,41.744998931884766,green
1036,42.119998931884766,42.540000915527344,green
1037,42.595001220703125,43.1349983215332,green
1038,42.91999816894531,43.345001220703125,green
1039,43.744998931884766,44.72999954223633,green
1040,44.05500030517578,44.790000915527344,green
1041,44.05500030517578,44.790000915527344,green
1042,44.05500030517578,44.790000915527344,green
1043,45.0,45.689998626708984,green
1044,45.689998626708984,45.665000915527344,red
1045,46.099998474121094,45.35499954223633,red
1046,44.91999816894531,44.84000015258789,red
1047,45.69499969482422,45.29999923706055,red
1048,45.69499969482422,45.29999923706055,red
1049,45.69499969482422,45.29999923706055,red
1050,45.150001525878906,45.40999984741211,green
1051,46.099998474121094,45.42499923706055,red
1052,45.04999923706055,44.380001068115234,red
1053,44.77000045776367,44.900001525878906,green
1054,44.244998931884766,44.05500030517578,red
1055,44.244998931884766,44.05500030517578,red
1056,44.244998931884766,44.05500030517578,red
1057,43.51499938964844,43.93000030517578,green
1058,44.025001525878906,43.77000045776367,red
1059,43.599998474121094,43.779998779296875,green
1060,44.04999923706055,42.915000915527344,red
1061,42.89500045776367,43.125,green
1062,42.89500045776367,43.125,green
1063,42.89500045776367,43.125,green
1064,42.720001220703125,41.814998626708984,red
1065,41.60499954223633,42.66999816894531,green
1066,43.564998626708984,42.90999984741211,red
1067,42.10499954223633,42.869998931884766,green
1068,43.025001525878906,44.189998626708984,green
1069,43.025001525878906,44.189998626708984,green
1070,43.025001525878906,44.189998626708984,green
1071,44.04499816894531,42.75,red
1072,43.255001068115234,43.70500183105469,green
1073,44.25,44.654998779296875,green
1074,44.599998474121094,43.790000915527344,red
1075,44.09000015258789,45.025001525878906,green
1076,44.09000015258789,45.025001525878906,green
1077,44.09000015258789,45.025001525878906,green
1078,44.974998474121094,45.72999954223633,green
1079,45.75,44.779998779296875,red
1080,45.20500183105469,45.43000030517578,green
1081,44.32500076293945,44.345001220703125,green
1082,44.3650016784668,44.46500015258789,green
1083,44.3650016784668,44.46500015258789,green
1084,44.3650016784668,44.46500015258789,green
1085,44.3650016784668,44.46500015258789,green
1086,44.3650016784668,44.46500015258789,green
1087,44.564998626708984,44.4900016784668,red
1088,44.53499984741211,44.83000183105469,green
1089,44.85499954223633,44.974998474121094,green
1090,44.85499954223633,44.974998474121094,green
1091,44.85499954223633,44.974998474121094,green
1092,44.85499954223633,44.974998474121094,green
1093,44.9900016784668,43.939998626708984,red
1094,43.904998779296875,43.70500183105469,red
1095,43.70000076293945,44.060001373291016,green
1096,43.915000915527344,45.04999923706055,green
1097,43.915000915527344,45.04999923706055,green
1098,43.915000915527344,45.04999923706055,green
1099,44.80500030517578,46.79999923706055,green
1100,47.81999969482422,48.334999084472656,green
1101,48.83000183105469,49.560001373291016,green
1102,49.900001525878906,49.27000045776367,red
1103,49.71500015258789,49.845001220703125,green
1104,49.71500015258789,49.845001220703125,green
1105,49.71500015258789,49.845001220703125,green
1106,50.20000076293945,50.5,green
1107,49.959999084472656,52.09000015258789,green
1108,51.56999969482422,51.54999923706055,red
1109,52.060001373291016,52.90999984741211,green
1110,53.209999084472656,53.4900016784668,green
1111,53.209999084472656,53.4900016784668,green
1112,53.209999084472656,53.4900016784668,green
1113,55.349998474121094,55.11000061035156,red
1114,54.959999084472656,54.90999984741211,red
1115,55.599998474121094,56.63999938964844,green
1116,56.779998779296875,57.560001373291016,green
1117,55.599998474121094,56.459999084472656,green
1118,55.599998474121094,56.459999084472656,green
1119,55.599998474121094,56.459999084472656,green
1120,56.720001220703125,56.83000183105469,green
1121,58.27000045776367,58.2400016784668,red
1122,57.189998626708984,56.560001373291016,red
1123,57.63999938964844,57.09000015258789,red
1124,58.84000015258789,60.720001220703125,green
1125,58.84000015258789,60.720001220703125,green
1126,58.84000015258789,60.720001220703125,green
1127,61.61000061035156,63.810001373291016,green
1128,66.29000091552734,63.27000045776367,red
1129,62.75,64.05999755859375,green
1130,65.72000122070312,65.45999908447266,red
1131,64.94999694824219,66.16000366210938,green
1132,64.94999694824219,66.16000366210938,green
1133,64.94999694824219,66.16000366210938,green
1134,67.01000213623047,68.8499984741211,green
1135,67.36000061035156,67.87000274658203,green
1136,68.19999694824219,67.80000305175781,red
1137,69.1500015258789,67.9000015258789,red
1138,68.02999877929688,68.68000030517578,green
1139,68.02999877929688,68.68000030517578,green
1140,68.02999877929688,68.68000030517578,green
1141,67.98999786376953,67.9800033569336,red
1142,67.4000015258789,63.22999954223633,red
1143,63.2599983215332,62.97999954223633,red
1144,69.80000305175781,72.0,green
1145,74.43000030517578,73.5,red
1146,74.43000030517578,73.5,red
1147,74.43000030517578,73.5,red
1148,72.94999694824219,73.7300033569336,green
1149,72.9800033569336,72.5199966430664,red
1150,72.30999755859375,72.5,green
1151,71.51000213623047,72.88999938964844,green
1152,74.26000213623047,75.55000305175781,green
1153,74.26000213623047,75.55000305175781,green
1154,74.26000213623047,75.55000305175781,green
1155,76.69999694824219,78.25,green
1156,78.7699966430664,77.77999877929688,red
1157,79.5,80.94000244140625,green
1158,81.73999786376953,83.87999725341797,green
1159,87.44999694824219,82.30999755859375,red
1160,87.44999694824219,82.30999755859375,red
1161,87.44999694824219,82.30999755859375,red
1162,78.88999938964844,80.0199966430664,green
1163,79.91999816894531,82.94000244140625,green
1164,85.4000015258789,81.30999755859375,red
1165,82.94999694824219,80.62000274658203,red
1166,79.9800033569336,81.54000091552734,green
1167,79.9800033569336,81.54000091552734,green
1168,79.9800033569336,81.54000091552734,green
1169,82.26000213623047,81.31999969482422,red
1170,80.94999694824219,81.7699966430664,green
1171,82.33000183105469,81.5,red
1172,83.80000305175781,85.06999969482422,green
1173,84.5,86.9800033569336,green
1174,84.5,86.9800033569336,green
1175,84.5,86.9800033569336,green
1176,87.72000122070312,87.88999938964844,green
1177,88.30000305175781,87.2300033569336,red
1178,85.9000015258789,83.47000122070312,red
1179,83.69999694824219,83.88999938964844,green
1180,83.69999694824219,83.88999938964844,green
1181,83.69999694824219,83.88999938964844,green
1182,83.69999694824219,83.88999938964844,green
1183,83.69999694824219,83.88999938964844,green
1184,84.30000305175781,82.94000244140625,red
1185,82.29000091552734,83.19999694824219,green
1186,82.58999633789062,82.25,red
1187,80.30000305175781,80.9800033569336,green
1188,80.30000305175781,80.9800033569336,green
1189,80.30000305175781,80.9800033569336,green
1190,81.27999877929688,80.80000305175781,red
1191,80.0999984741211,77.19999694824219,red
1192,78.02999877929688,80.79000091552734,green
1193,81.43000030517578,82.86000061035156,green
1194,84.9800033569336,84.05999755859375,red
1195,84.9800033569336,84.05999755859375,red
1196,84.9800033569336,84.05999755859375,red
1197,83.0999984741211,83.69000244140625,green
1198,80.9000015258789,82.08999633789062,green
1199,81.70999908447266,80.7300033569336,red
1200,80.69999694824219,80.33000183105469,red
1201,78.6500015258789,76.6500015258789,red
1202,78.6500015258789,76.6500015258789,red
1203,78.6500015258789,76.6500015258789,red
1204,73.33000183105469,73.26000213623047,red
1205,75.0,77.23999786376953,green
1206,79.0999984741211,76.80000305175781,red
1207,73.2300033569336,75.83000183105469,green
1208,78.72000122070312,81.23999786376953,green
1209,78.72000122070312,81.23999786376953,green
1210,78.72000122070312,81.23999786376953,green
1211,82.4800033569336,80.94999694824219,red
1212,82.01000213623047,82.18000030517578,green
1213,82.01000213623047,82.18000030517578,green
1214,78.54000091552734,79.26000213623047,green
1215,80.51000213623047,81.76000213623047,green
1216,80.51000213623047,81.76000213623047,green
1217,80.51000213623047,81.76000213623047,green
1218,82.58000183105469,85.19999694824219,green
1219,85.08999633789062,83.9000015258789,red
1220,84.04000091552734,83.5999984741211,red
1221,83.69000244140625,83.05000305175781,red
1222,82.80000305175781,83.48999786376953,green
1223,82.80000305175781,83.48999786376953,green
1224,82.80000305175781,83.48999786376953,green
1225,83.72000122070312,83.6500015258789,red
1226,83.69999694824219,83.95999908447266,green
1227,84.44999694824219,86.6500015258789,green
1228,87.33000183105469,87.81999969482422,green
1229,86.87999725341797,86.05999755859375,red
1230,86.87999725341797,86.05999755859375,red
1231,86.87999725341797,86.05999755859375,red
1232,85.83000183105469,86.94999694824219,green
1233,87.8499984741211,87.38999938964844,red
1234,87.95999908447266,87.66999816894531,red
1235,93.51000213623047,96.91000366210938,green
1236,95.55999755859375,96.44999694824219,green
1237,95.55999755859375,96.44999694824219,green
1238,95.55999755859375,96.44999694824219,green
1239,99.81999969482422,100.5999984741211,green
1240,101.0999984741211,103.12000274658203,green
1241,107.05999755859375,104.9800033569336,red
1242,105.0999984741211,104.83999633789062,red
1243,102.4000015258789,100.62000274658203,red
1244,102.4000015258789,100.62000274658203,red
1245,102.4000015258789,100.62000274658203,red
1246,103.4800033569336,104.27999877929688,green
1247,106.0999984741211,105.05999755859375,red
1248,107.04000091552734,110.36000061035156,green
1249,114.05999755859375,110.83999633789062,red
1250,111.66000366210938,110.44000244140625,red
1251,111.66000366210938,110.44000244140625,red
1252,111.66000366210938,110.44000244140625,red
1253,114.0999984741211,114.22000122070312,green
1254,113.80000305175781,112.0,red
1255,112.69999694824219,115.76000213623047,green
1256,117.95999908447266,119.45999908447266,green
1257,122.69999694824219,121.9800033569336,red
1258,122.69999694824219,121.9800033569336,red
1259,122.69999694824219,121.9800033569336,red
1260,124.19999694824219,122.44000244140625,red
1261,122.66000366210938,124.41999816894531,green
1262,129.1999969482422,129.60000610351562,green
1263,131.8000030517578,129.5399932861328,red
1264,123.05999755859375,119.72000122070312,red
1265,123.05999755859375,119.72000122070312,red
1266,123.05999755859375,119.72000122070312,red
1267,117.5999984741211,112.33999633789062,red
1268,107.0,116.27999877929688,green
1269,121.19999694824219,115.5199966430664,red
1270,115.54000091552734,115.04000091552734,red
1271,116.76000213623047,117.68000030517578,green
1272,116.76000213623047,117.68000030517578,green
1273,116.76000213623047,117.68000030517578,green
1274,115.5999984741211,115.5999984741211,green
1275,115.08000183105469,113.69999694824219,red
1276,113.0199966430664,116.5999984741211,green
1277,119.5,117.72000122070312,red
1278,118.44000244140625,117.44000244140625,red
1279,118.44000244140625,117.44000244140625,red
1280,118.44000244140625,117.44000244140625,red
1281,116.19999694824219,118.80000305175781,green
1282,119.0,121.4000015258789,green
1283,122.0,123.86000061035156,green
1284,125.0,117.87999725341797,red
1285,116.9000015258789,119.73999786376953,green
1286,116.9000015258789,119.73999786376953,green
1287,116.9000015258789,119.73999786376953,green
1288,119.5199966430664,118.63999938964844,red
1289,118.05999755859375,116.05999755859375,red
1290,114.0999984741211,109.5,red
1291,112.0,107.68000030517578,red
1292,111.26000213623047,109.45999908447266,red
1293,111.26000213623047,109.45999908447266,red
1294,111.26000213623047,109.45999908447266,red
1295,109.4000015258789,111.04000091552734,green
1296,113.12000274658203,114.4000015258789,green
1297,111.0,108.63999938964844,red
1298,106.36000061035156,105.4000015258789,red
1299,104.19999694824219,103.91999816894531,red
1300,104.19999694824219,103.91999816894531,red
1301,104.19999694824219,103.91999816894531,red
1302,105.55999755859375,103.55999755859375,red
1303,102.69999694824219,97.4000015258789,red
1304,101.5999984741211,107.0,green
1305,111.91999816894531,105.68000030517578,red
1306,97.73999786376953,98.0,green
1307,97.73999786376953,98.0,green
1308,97.73999786376953,98.0,green
1309,85.30000305175781,91.7699966430664,green
1310,96.19999694824219,95.63999938964844,red
1311,95.5,96.20999908447266,green
1312,91.44000244140625,94.80999755859375,green
1313,96.5,95.93000030517578,red
1314,96.5,95.93000030517578,red
1315,96.5,95.93000030517578,red
1316,96.30000305175781,99.54000091552734,green
1317,101.26000213623047,104.66000366210938,green
1318,107.18000030517578,106.69999694824219,red
1319,107.4000015258789,110.95999908447266,green
1320,112.69999694824219,112.0999984741211,red
1321,112.69999694824219,112.0999984741211,red
1322,112.69999694824219,112.0999984741211,red
1323,112.31999969482422,114.55999755859375,green
1324,117.16000366210938,115.22000122070312,red
1325,113.80000305175781,114.95999908447266,green
1326,115.0999984741211,114.76000213623047,red
1327,113.0,115.05999755859375,green
1328,113.0,115.05999755859375,green
1329,113.0,115.05999755859375,green
1330,116.5199966430664,113.9000015258789,red
1331,113.4000015258789,114.87999725341797,green
1332,115.5199966430664,111.87999725341797,red
1333,107.45999908447266,109.37999725341797,green
1334,107.5999984741211,106.76000213623047,red
1335,107.5999984741211,106.76000213623047,red
1336,107.5999984741211,106.76000213623047,red
1337,108.0,107.66000366210938,red
1338,107.45999908447266,100.69999694824219,red
1339,94.05999755859375,97.55000305175781,green
1340,96.22000122070312,96.04000091552734,red
1341,95.4000015258789,92.0999984741211,red
1342,95.4000015258789,92.0999984741211,red
1343,95.4000015258789,92.0999984741211,red
1344,94.5,94.94000244140625,green
1345,96.02999877929688,97.19000244140625,green
1346,97.43000030517578,99.33000183105469,green
1347,106.80000305175781,107.5199966430664,green
1348,107.69999694824219,107.68000030517578,red
1349,107.69999694824219,107.68000030517578,red
1350,107.69999694824219,107.68000030517578,red
1351,106.9800033569336,104.86000061035156,red
1352,104.95999908447266,105.4800033569336,green
1353,104.26000213623047,103.16000366210938,red
1354,104.80000305175781,107.05999755859375,green
1355,105.80000305175781,104.4800033569336,red
1356,105.80000305175781,104.4800033569336,red
1357,105.80000305175781,104.4800033569336,red
1358,104.73999786376953,103.87999725341797,red
1359,104.72000122070312,106.0,green
1360,107.58000183105469,111.13999938964844,green
1361,113.5,110.55999755859375,red
1362,109.9000015258789,107.73999786376953,red
1363,109.9000015258789,107.73999786376953,red
1364,109.9000015258789,107.73999786376953,red
1365,107.72000122070312,108.33999633789062,green
1366,109.22000122070312,106.19999694824219,red
1367,105.22000122070312,107.83999633789062,green
1368,108.0999984741211,111.73999786376953,green
1369,111.5999984741211,112.5999984741211,green
1370,111.5999984741211,112.5999984741211,green
1371,111.5999984741211,112.5999984741211,green
1372,113.83999633789062,117.4800033569336,green
1373,116.68000030517578,120.5,green
1374,121.69999694824219,121.80000305175781,green
1375,121.0199966430664,122.76000213623047,green
1376,123.26000213623047,123.30000305175781,green
1377,123.26000213623047,123.30000305175781,green
1378,123.26000213623047,123.30000305175781,green
1379,123.19999694824219,126.4800033569336,green
1380,126.5999984741211,121.31999969482422,red
1381,122.30000305175781,123.30000305175781,green
1382,128.0399932861328,128.94000244140625,green
1383,127.5199966430664,126.9000015258789,red
1384,127.5199966430664,126.9000015258789,red
1385,127.5199966430664,126.9000015258789,red
1386,127.45999908447266,130.0399932861328,green
1387,132.1999969482422,132.24000549316406,green
1388,132.83999633789062,129.86000061035156,red
1389,130.75999450683594,129.4199981689453,red
1390,129.39999389648438,132.89999389648438,green
1391,129.39999389648438,132.89999389648438,green
1392,129.39999389648438,132.89999389648438,green
1393,132.0,129.8800048828125,red
1394,129.8800048828125,131.0800018310547,green
1395,130.4199981689453,128.44000244140625,red
1396,126.13999938964844,122.94000244140625,red
1397,122.94000244140625,122.94000244140625,green
1398,122.94000244140625,122.94000244140625,green
1399,122.94000244140625,122.94000244140625,green
1400,128.1199951171875,127.22000122070312,red
1401,125.30000305175781,128.05999755859375,green
1402,132.0,134.22000122070312,green
1403,135.0,137.16000366210938,green
1404,139.0,137.16000366210938,red
1405,139.0,137.16000366210938,red
1406,139.0,137.16000366210938,red
1407,138.5,136.47999572753906,red
1408,136.0,140.36000061035156,green
1409,140.0,139.05999755859375,red
1410,139.5,140.66000366210938,green
1411,138.52000427246094,135.60000610351562,red
